country_name,country_id,iso2,city_name,city_id,lat,lon,elevation_m,timezone,date,fajr,sunrise,dhuhr,asr,maghrib,isha
آروبا,12,aw,أورانجيستاد,10612,12.5144040,-70.0148697,19.0,America/Aruba,2026-03-20,05:34,06:43,12:47,16:06,18:53,20:01
آروبا,12,aw,أورانجيستاد,10612,12.5144040,-70.0148697,19.0,America/Aruba,2026-06-21,04:57,06:14,12:42,16:09,19:10,20:27
آروبا,12,aw,أورانجيستاد,10612,12.5144040,-70.0148697,19.0,America/Aruba,2026-09-22,05:19,06:28,12:33,15:51,18:38,19:46
آروبا,12,aw,أورانجيستاد,10612,12.5144040,-70.0148697,19.0,America/Aruba,2026-12-21,05:40,06:55,12:38,15:54,18:22,19:36
أذربيجان,15,az,??hmədbəyli,21207,39.8807400,48.3915787,-10.0,Asia/Baku,2026-03-20,05:20,06:49,12:54,16:20,19:00,20:24
أذربيجان,15,az,??hmədbəyli,21207,39.8807400,48.3915787,-10.0,Asia/Baku,2026-06-21,03:15,05:16,12:48,16:47,20:20,22:12
أذربيجان,15,az,??hmədbəyli,21207,39.8807400,48.3915787,-10.0,Asia/Baku,2026-09-22,05:03,06:32,12:39,16:05,18:46,20:09
أذربيجان,15,az,??hmədbəyli,21207,39.8807400,48.3915787,-10.0,Asia/Baku,2026-12-21,06:27,08:02,12:44,15:07,17:27,18:57
أرمينيا,11,am,Abovyan,20815,40.2736800,44.6334801,1435.0,Asia/Yerevan,2026-03-20,05:34,06:58,13:09,16:35,19:21,20:39
أرمينيا,11,am,Abovyan,20815,40.2736800,44.6334801,1435.0,Asia/Yerevan,2026-06-21,03:27,05:23,13:03,17:03,20:44,22:30
أرمينيا,11,am,Abovyan,20815,40.2736800,44.6334801,1435.0,Asia/Yerevan,2026-09-22,05:17,06:41,12:54,16:20,19:07,20:25
أرمينيا,11,am,Abovyan,20815,40.2736800,44.6334801,1435.0,Asia/Yerevan,2026-12-21,06:42,08:11,13:00,15:21,17:48,19:11
أسبانيا,199,es,??guilas,45980,37.4063000,-1.5828900,0.0,Africa/Ceuta,2026-03-20,05:43,07:08,13:14,16:41,19:20,20:46
أسبانيا,199,es,??guilas,45980,37.4063000,-1.5828900,0.0,Africa/Ceuta,2026-06-21,04:52,06:44,14:08,18:01,21:33,23:25
أسبانيا,199,es,??guilas,45980,37.4063000,-1.5828900,0.0,Africa/Ceuta,2026-09-22,06:27,07:52,13:59,17:26,20:05,21:31
أسبانيا,199,es,??guilas,45980,37.4063000,-1.5828900,0.0,Africa/Ceuta,2026-12-21,06:43,08:15,13:04,15:34,17:54,19:26
أستراليا,13,au,Adelaide,20832,-34.9286600,138.5986328,50.0,Australia/Adelaide,2026-03-20,05:54,07:16,13:23,16:50,19:30,20:52
أستراليا,13,au,Adelaide,20832,-34.9286600,138.5986328,50.0,Australia/Adelaide,2026-06-21,05:53,07:21,12:17,14:54,17:14,18:42
أستراليا,13,au,Adelaide,20832,-34.9286600,138.5986328,50.0,Australia/Adelaide,2026-09-22,04:41,06:04,12:08,15:35,18:14,19:36
أستراليا,13,au,Adelaide,20832,-34.9286600,138.5986328,50.0,Australia/Adelaide,2026-12-21,04:11,05:56,13:14,17:01,20:31,22:16
أفغانستان,1,af,Abengourou,20363,33.3395100,69.9204102,1178.0,Asia/Kabul,2026-03-20,04:32,05:48,11:58,15:25,18:08,19:25
أفغانستان,1,af,Abengourou,20363,33.3395100,69.9204102,1178.0,Asia/Kabul,2026-06-21,02:58,04:34,11:52,15:36,19:10,20:46
أفغانستان,1,af,Abengourou,20363,33.3395100,69.9204102,1178.0,Asia/Kabul,2026-09-22,04:15,05:32,11:43,15:11,17:54,19:10
أفغانستان,1,af,Abengourou,20363,33.3395100,69.9204102,1178.0,Asia/Kabul,2026-12-21,05:21,06:43,11:48,14:29,16:54,18:16
ألبانيا,2,al,Adiaké,20402,42.0682800,19.5125809,13.0,Europe/Tirane,2026-03-20,04:12,05:44,11:49,15:14,17:56,19:22
ألبانيا,2,al,Adiaké,20402,42.0682800,19.5125809,13.0,Europe/Tirane,2026-06-21,02:53,05:04,12:44,16:47,20:24,22:24
ألبانيا,2,al,Adiaké,20402,42.0682800,19.5125809,13.0,Europe/Tirane,2026-09-22,04:55,06:27,12:35,16:00,18:42,20:08
ألبانيا,2,al,Adiaké,20402,42.0682800,19.5125809,13.0,Europe/Tirane,2026-12-21,05:26,07:04,11:40,13:56,16:16,17:49
ألمانيا,80,de,Aachen,28649,50.7766400,6.0834198,180.0,Europe/Berlin,2026-03-20,04:47,06:35,12:43,16:02,18:52,20:34
ألمانيا,80,de,Aachen,28649,50.7766400,6.0834198,180.0,Europe/Berlin,2026-06-21,إضاءة,05:17,13:38,17:59,21:58,إضاءة
ألمانيا,80,de,Aachen,28649,50.7766400,6.0834198,180.0,Europe/Berlin,2026-09-22,05:30,07:18,13:28,16:47,19:38,21:19
ألمانيا,80,de,Aachen,28649,50.7766400,6.0834198,180.0,Europe/Berlin,2026-12-21,06:33,08:30,12:34,14:17,16:37,18:28
أنتيجوا وبربودا,9,ag,Saint John’s,49952,17.1209600,-61.8432884,11.0,America/Antigua,2026-03-20,05:00,06:10,12:15,15:37,18:20,19:30
أنتيجوا وبربودا,9,ag,Saint John’s,49952,17.1209600,-61.8432884,11.0,America/Antigua,2026-06-21,04:13,05:33,12:09,15:33,18:46,20:06
أنتيجوا وبربودا,9,ag,Saint John’s,49952,17.1209600,-61.8432884,11.0,America/Antigua,2026-09-22,04:44,05:55,12:00,15:22,18:05,19:15
أنتيجوا وبربودا,9,ag,Saint John’s,49952,17.1209600,-61.8432884,11.0,America/Antigua,2026-12-21,05:15,06:31,12:06,15:16,17:41,18:56
أنجولا,6,ao,Benguela,20442,-12.5762600,13.4054699,0.0,Africa/Luanda,2026-03-20,05:00,06:09,12:14,15:32,18:19,19:28
أنجولا,6,ao,Benguela,20442,-12.5762600,13.4054699,0.0,Africa/Luanda,2026-06-21,05:11,06:25,12:08,15:24,17:51,19:06
أنجولا,6,ao,Benguela,20442,-12.5762600,13.4054699,0.0,Africa/Luanda,2026-09-22,04:46,05:55,11:59,15:18,18:04,19:13
أنجولا,6,ao,Benguela,20442,-12.5762600,13.4054699,0.0,Africa/Luanda,2026-12-21,04:19,05:37,12:04,15:31,18:32,19:49
أنجويلا,7,ai,الوادي,20348,18.2170400,-63.0578308,20.0,America/Anguilla,2026-03-20,05:04,06:15,12:20,15:43,18:25,19:36
أنجويلا,7,ai,الوادي,20348,18.2170400,-63.0578308,20.0,America/Anguilla,2026-06-21,04:15,05:36,12:14,15:37,18:53,20:13
أنجويلا,7,ai,الوادي,20348,18.2170400,-63.0578308,20.0,America/Anguilla,2026-09-22,04:49,06:00,12:05,15:28,18:10,19:21
أنجويلا,7,ai,الوادي,20348,18.2170400,-63.0578308,20.0,America/Anguilla,2026-12-21,05:21,06:37,12:10,15:19,17:43,19:00
أندورا,5,ad,أندورا لا فيا,383,42.5051514,1.5150619,1011.0,Europe/Andorra,2026-03-20,05:23,06:51,13:01,16:26,19:13,20:35
أندورا,5,ad,أندورا لا فيا,383,42.5051514,1.5150619,1011.0,Europe/Andorra,2026-06-21,04:01,06:09,13:56,18:00,21:43,23:40
أندورا,5,ad,أندورا لا فيا,383,42.5051514,1.5150619,1011.0,Europe/Andorra,2026-09-22,06:06,07:34,13:47,17:12,19:58,21:20
أندورا,5,ad,أندورا لا فيا,383,42.5051514,1.5150619,1011.0,Europe/Andorra,2026-12-21,06:38,08:12,12:52,15:07,17:32,19:00
أورجواي,228,uy,Artigas,49632,-30.4000000,-56.4666710,104.0,America/Montevideo,2026-03-20,05:29,06:47,12:53,16:20,18:59,20:17
أورجواي,228,uy,Artigas,49632,-30.4000000,-56.4666710,104.0,America/Montevideo,2026-06-21,06:16,07:40,12:48,15:35,17:56,19:19
أورجواي,228,uy,Artigas,49632,-30.4000000,-56.4666710,104.0,America/Montevideo,2026-09-22,05:15,06:33,12:39,16:06,18:45,20:02
أورجواي,228,uy,Artigas,49632,-30.4000000,-56.4666710,104.0,America/Montevideo,2026-12-21,04:03,05:38,12:44,16:21,19:50,21:25
أوزبكستان,229,uz,طشقند,10689,41.3054700,69.2415924,446.0,Asia/Tashkent,2026-03-20,04:54,06:22,12:31,15:56,18:39,20:02
أوزبكستان,229,uz,طشقند,10689,41.3054700,69.2415924,446.0,Asia/Tashkent,2026-06-21,02:41,04:45,12:25,16:27,20:05,21:59
أوزبكستان,229,uz,طشقند,10689,41.3054700,69.2415924,446.0,Asia/Tashkent,2026-09-22,04:37,06:06,12:16,15:41,18:25,19:48
أوزبكستان,229,uz,طشقند,10689,41.3054700,69.2415924,446.0,Asia/Tashkent,2026-12-21,06:05,07:40,12:21,14:40,17:02,18:31
أوغندا,222,ug,Adjumani,47067,3.3778600,31.7908993,805.0,Africa/Kampala,2026-03-20,05:48,06:53,13:00,16:07,19:08,20:12
أوغندا,222,ug,Adjumani,47067,3.3778600,31.7908993,805.0,Africa/Kampala,2026-06-21,05:29,06:40,12:55,16:22,19:09,20:20
أوغندا,222,ug,Adjumani,47067,3.3778600,31.7908993,805.0,Africa/Kampala,2026-09-22,05:34,06:38,12:46,15:51,18:53,19:58
أوغندا,222,ug,Adjumani,47067,3.3778600,31.7908993,805.0,Africa/Kampala,2026-12-21,05:38,06:48,12:51,16:15,18:54,20:04
أوكرانيا,223,ua,Alchevsk,47366,48.4689300,38.8166885,210.0,Europe/Kiev,2026-03-20,03:42,05:24,11:32,14:53,17:41,19:17
أوكرانيا,223,ua,Alchevsk,47366,48.4689300,38.8166885,210.0,Europe/Kiev,2026-06-21,00:43,04:18,12:27,16:43,20:35,23:30
أوكرانيا,223,ua,Alchevsk,47366,48.4689300,38.8166885,210.0,Europe/Kiev,2026-09-22,04:25,06:07,12:18,15:39,18:27,20:03
أوكرانيا,223,ua,Alchevsk,47366,48.4689300,38.8166885,210.0,Europe/Kiev,2026-12-21,05:18,07:09,11:23,13:16,15:37,17:21
أيرلندا,103,ie,An Muileann gCearr,31625,53.5246600,-7.3385000,95.0,Europe/Dublin,2026-03-20,04:33,06:29,12:37,15:53,18:46,20:35
أيرلندا,103,ie,An Muileann gCearr,31625,53.5246600,-7.3385000,95.0,Europe/Dublin,2026-06-21,إضاءة,04:55,13:31,17:58,22:07,إضاءة
أيرلندا,103,ie,An Muileann gCearr,31625,53.5246600,-7.3385000,95.0,Europe/Dublin,2026-09-22,05:15,07:12,13:22,16:38,19:31,21:20
أيرلندا,103,ie,An Muileann gCearr,31625,53.5246600,-7.3385000,95.0,Europe/Dublin,2026-12-21,06:32,08:39,12:27,13:57,16:16,18:16
أيسلندا,98,is,Akureyri,30017,65.6835300,-18.0877991,13.0,Atlantic/Reykjavik,2026-03-20,04:08,07:09,13:20,16:16,19:32,22:22
أيسلندا,98,is,Akureyri,30017,65.6835300,-18.0877991,13.0,Atlantic/Reykjavik,2026-06-21,إضاءة,فوق,13:14,18:12,فوق,إضاءة
أيسلندا,98,is,Akureyri,30017,65.6835300,-18.0877991,13.0,Atlantic/Reykjavik,2026-09-22,03:46,06:51,13:05,16:01,19:17,22:06
أيسلندا,98,is,Akureyri,30017,65.6835300,-18.0877991,13.0,Atlantic/Reykjavik,2026-12-21,07:43,11:29,13:10,13:23,14:52,18:28
اثيوبيا,68,et,Abomsa,26219,9.9833300,39.9833298,1302.0,Africa/Addis_Ababa,2026-03-20,05:15,06:19,12:28,15:43,18:37,19:41
اثيوبيا,68,et,Abomsa,26219,9.9833300,39.9833298,1302.0,Africa/Addis_Ababa,2026-06-21,04:43,05:54,12:22,15:49,18:49,20:01
اثيوبيا,68,et,Abomsa,26219,9.9833300,39.9833298,1302.0,Africa/Addis_Ababa,2026-09-22,05:00,06:04,12:13,15:28,18:22,19:26
اثيوبيا,68,et,Abomsa,26219,9.9833300,39.9833298,1302.0,Africa/Addis_Ababa,2026-12-21,05:16,06:26,12:18,15:37,18:11,19:20
اريتريا,66,er,أسمرة,3367,15.3333333,38.9333344,2360.0,Africa/Asmara,2026-03-20,05:17,06:21,12:32,15:53,18:43,19:46
اريتريا,66,er,أسمرة,3367,15.3333333,38.9333344,2360.0,Africa/Asmara,2026-06-21,04:34,05:46,12:26,15:51,19:06,20:18
اريتريا,66,er,أسمرة,3367,15.3333333,38.9333344,2360.0,Africa/Asmara,2026-09-22,05:02,06:05,12:17,15:38,18:29,19:32
اريتريا,66,er,أسمرة,3367,15.3333333,38.9333344,2360.0,Africa/Asmara,2026-12-21,05:29,06:37,12:22,15:35,18:08,19:16
استونيا,67,ee,Kohtla-Järve,26085,59.3986100,27.2730598,67.0,Europe/Tallinn,2026-03-20,03:51,06:09,12:18,15:26,18:29,20:39
استونيا,67,ee,Kohtla-Järve,26085,59.3986100,27.2730598,67.0,Europe/Tallinn,2026-06-21,إضاءة,03:47,13:13,17:53,22:38,إضاءة
استونيا,67,ee,Kohtla-Järve,26085,59.3986100,27.2730598,67.0,Europe/Tallinn,2026-09-22,04:31,06:51,13:04,16:12,19:15,21:25
استونيا,67,ee,Kohtla-Järve,26085,59.3986100,27.2730598,67.0,Europe/Tallinn,2026-12-21,06:25,09:02,12:09,13:06,15:16,17:45
الأرجنتين,10,ar,Adrogué,20768,-34.8004100,-58.3838387,27.0,America/Argentina/Buenos_Aires,2026-03-20,05:32,06:55,13:01,16:28,19:07,20:29
الأرجنتين,10,ar,Adrogué,20768,-34.8004100,-58.3838387,27.0,America/Argentina/Buenos_Aires,2026-06-21,06:30,07:59,12:55,15:32,17:52,19:20
الأرجنتين,10,ar,Adrogué,20768,-34.8004100,-58.3838387,27.0,America/Argentina/Buenos_Aires,2026-09-22,05:19,06:41,12:46,16:13,18:52,20:15
الأرجنتين,10,ar,Adrogué,20768,-34.8004100,-58.3838387,27.0,America/Argentina/Buenos_Aires,2026-12-21,03:50,05:35,12:52,16:39,20:09,21:53
الأردن,108,jo,أم قيس,50245,32.6550000,35.6836128,373.0,Asia/Amman,2026-03-20,05:19,06:38,12:45,16:12,18:52,20:11
الأردن,108,jo,أم قيس,50245,32.6550000,35.6836128,373.0,Asia/Amman,2026-06-21,03:48,05:26,12:39,16:21,19:52,21:30
الأردن,108,jo,أم قيس,50245,32.6550000,35.6836128,373.0,Asia/Amman,2026-09-22,05:03,06:22,12:30,15:58,18:38,19:56
الأردن,108,jo,أم قيس,50245,32.6550000,35.6836128,373.0,Asia/Amman,2026-12-21,06:07,07:31,12:35,15:18,17:40,19:04
الإمارات العربية المتحدة,224,ae,أبوظبي,50139,24.4511800,54.3969612,5.0,Asia/Dubai,2026-03-20,05:11,06:25,12:32,15:56,18:35,19:49
الإمارات العربية المتحدة,224,ae,أبوظبي,50139,24.4511800,54.3969612,5.0,Asia/Dubai,2026-06-21,04:06,05:33,12:26,15:45,19:16,20:43
الإمارات العربية المتحدة,224,ae,أبوظبي,50139,24.4511800,54.3969612,5.0,Asia/Dubai,2026-09-22,04:55,06:09,12:17,15:41,18:21,19:35
الإمارات العربية المتحدة,224,ae,أبوظبي,50139,24.4511800,54.3969612,5.0,Asia/Dubai,2026-12-21,05:40,07:00,12:22,15:20,17:41,19:00
الاكوادور,62,ec,أتونتاكي,3294,0.3333333,-78.2166672,2391.0,America/Guayaquil,2026-03-20,05:08,06:09,12:20,15:21,18:31,19:32
الاكوادور,62,ec,أتونتاكي,3294,0.3333333,-78.2166672,2391.0,America/Guayaquil,2026-06-21,04:55,06:02,12:15,15:41,18:28,19:34
الاكوادور,62,ec,أتونتاكي,3294,0.3333333,-78.2166672,2391.0,America/Guayaquil,2026-09-22,04:54,05:55,12:06,15:06,18:17,19:17
الاكوادور,62,ec,أتونتاكي,3294,0.3333333,-78.2166672,2391.0,America/Guayaquil,2026-12-21,04:53,05:59,12:11,15:37,18:23,19:29
الباهاما,16,bs,ناسو,10617,25.0312510,-77.3974915,7.0,America/Nassau,2026-03-20,05:57,07:12,13:17,16:43,19:23,20:37
الباهاما,16,bs,ناسو,10617,25.0312510,-77.3974915,7.0,America/Nassau,2026-06-21,04:51,06:19,13:11,16:34,20:04,21:32
الباهاما,16,bs,ناسو,10617,25.0312510,-77.3974915,7.0,America/Nassau,2026-09-22,05:42,06:57,13:02,16:29,19:07,20:22
الباهاما,16,bs,ناسو,10617,25.0312510,-77.3974915,7.0,America/Nassau,2026-12-21,05:29,06:49,12:08,15:06,17:27,18:47
البحرين,17,bh,`مدينة عيسى,910,26.1736110,50.5477791,5.0,Asia/Bahrain,2026-03-20,04:25,05:40,11:45,15:12,17:51,19:21
البحرين,17,bh,`مدينة عيسى,910,26.1736110,50.5477791,5.0,Asia/Bahrain,2026-06-21,03:15,04:44,11:40,15:05,18:35,20:05
البحرين,17,bh,`مدينة عيسى,910,26.1736110,50.5477791,5.0,Asia/Bahrain,2026-09-22,04:09,05:25,11:31,14:57,17:36,19:06
البحرين,17,bh,`مدينة عيسى,910,26.1736110,50.5477791,5.0,Asia/Bahrain,2026-12-21,04:58,06:19,11:36,14:32,16:53,18:23
البرازيل,30,br,??gua Preta,22341,-8.7075000,-35.5305595,125.5,America/Araguaina,2026-03-20,04:17,05:24,11:30,14:44,17:35,18:42
البرازيل,30,br,??gua Preta,22341,-8.7075000,-35.5305595,125.5,America/Araguaina,2026-06-21,04:20,05:33,11:24,14:44,17:15,18:28
البرازيل,30,br,??gua Preta,22341,-8.7075000,-35.5305595,125.5,America/Araguaina,2026-09-22,04:02,05:10,11:15,14:29,17:20,18:28
البرازيل,30,br,??gua Preta,22341,-8.7075000,-35.5305595,125.5,America/Araguaina,2026-12-21,03:44,04:59,11:20,14:48,17:42,18:57
البرتغال,172,pt,??guas Santas,39094,41.2101700,-8.5759897,103.0,Atlantic/Azores,2026-03-20,04:05,05:35,11:42,15:07,17:49,19:14
البرتغال,172,pt,??guas Santas,39094,41.2101700,-8.5759897,103.0,Atlantic/Azores,2026-06-21,02:53,04:58,12:36,16:38,20:14,22:10
البرتغال,172,pt,??guas Santas,39094,41.2101700,-8.5759897,103.0,Atlantic/Azores,2026-09-22,04:49,06:19,12:27,15:52,18:34,19:59
البرتغال,172,pt,??guas Santas,39094,41.2101700,-8.5759897,103.0,Atlantic/Azores,2026-12-21,05:17,06:53,11:32,13:51,16:12,17:43
البوسنة والهرسك,27,ba,Banja Luka,21716,44.7784200,17.1938591,170.5,Europe/Sarajevo,2026-03-20,04:16,05:51,11:59,15:22,18:07,19:36
البوسنة والهرسك,27,ba,Banja Luka,21716,44.7784200,17.1938591,170.5,Europe/Sarajevo,2026-06-21,02:34,05:01,12:53,17:02,20:45,22:59
البوسنة والهرسك,27,ba,Banja Luka,21716,44.7784200,17.1938591,170.5,Europe/Sarajevo,2026-09-22,04:59,06:35,12:44,16:08,18:52,20:22
البوسنة والهرسك,27,ba,Banja Luka,21716,44.7784200,17.1938591,170.5,Europe/Sarajevo,2026-12-21,05:39,07:21,11:49,13:56,16:17,17:54
الجابون,77,ga,أمبوي,3796,-1.5666667,9.2500000,1.0,Africa/Libreville,2026-03-20,05:19,06:26,12:30,15:33,18:35,19:42
الجابون,77,ga,أمبوي,3796,-1.5666667,9.2500000,1.0,Africa/Libreville,2026-06-21,05:09,06:22,12:25,15:50,18:27,19:41
الجابون,77,ga,أمبوي,3796,-1.5666667,9.2500000,1.0,Africa/Libreville,2026-09-22,05:04,06:11,12:16,15:19,18:20,19:28
الجابون,77,ga,أمبوي,3796,-1.5666667,9.2500000,1.0,Africa/Libreville,2026-12-21,04:59,06:13,12:21,15:48,18:29,19:43
الجزائر,3,dz,أكبو,233,36.4611111,4.5333333,278.0,Africa/Algiers,2026-03-20,05:20,06:46,12:49,16:16,18:57,20:15
الجزائر,3,dz,أكبو,233,36.4611111,4.5333333,278.0,Africa/Algiers,2026-06-21,03:33,05:24,12:44,16:35,20:06,21:47
الجزائر,3,dz,أكبو,233,36.4611111,4.5333333,278.0,Africa/Algiers,2026-09-22,05:03,06:30,12:35,16:02,18:42,20:00
الجزائر,3,dz,أكبو,233,36.4611111,4.5333333,278.0,Africa/Algiers,2026-12-21,06:17,07:50,12:40,15:13,17:33,18:58
الدانمرك,58,dk,Aabenraa,25980,55.0443400,9.4174099,52.0,Europe/Copenhagen,2026-03-20,04:21,06:22,12:30,15:44,18:39,20:33
الدانمرك,58,dk,Aabenraa,25980,55.0443400,9.4174099,52.0,Europe/Copenhagen,2026-06-21,إضاءة,04:38,13:24,17:55,22:10,إضاءة
الدانمرك,58,dk,Aabenraa,25980,55.0443400,9.4174099,52.0,Europe/Copenhagen,2026-09-22,05:02,07:05,13:15,16:29,19:25,21:18
الدانمرك,58,dk,Aabenraa,25980,55.0443400,9.4174099,52.0,Europe/Copenhagen,2026-12-21,06:28,08:41,12:20,13:43,15:59,18:06
الرأس الأخضر,39,cv,Cova Figueira,24286,14.8905400,-24.2934303,859.5,Atlantic/Cape_Verde,2026-03-20,05:30,06:37,12:45,16:05,18:53,19:59
الرأس الأخضر,39,cv,Cova Figueira,24286,14.8905400,-24.2934303,859.5,Atlantic/Cape_Verde,2026-06-21,04:48,06:04,12:39,16:05,19:15,20:30
الرأس الأخضر,39,cv,Cova Figueira,24286,14.8905400,-24.2934303,859.5,Atlantic/Cape_Verde,2026-09-22,05:15,06:21,12:30,15:50,18:38,19:44
الرأس الأخضر,39,cv,Cova Figueira,24286,14.8905400,-24.2934303,859.5,Atlantic/Cape_Verde,2026-12-21,05:41,06:53,12:35,15:49,18:18,19:29
السلفادور,64,sv,Acajutla,26076,13.5927800,-89.8274994,43.0,America/El_Salvador,2026-03-20,04:53,06:02,12:07,15:26,18:12,19:21
السلفادور,64,sv,Acajutla,26076,13.5927800,-89.8274994,43.0,America/El_Salvador,2026-06-21,04:14,05:31,12:01,15:27,18:31,19:49
السلفادور,64,sv,Acajutla,26076,13.5927800,-89.8274994,43.0,America/El_Salvador,2026-09-22,04:38,05:47,11:52,15:11,17:57,19:06
السلفادور,64,sv,Acajutla,26076,13.5927800,-89.8274994,43.0,America/El_Salvador,2026-12-21,05:01,06:16,11:58,15:12,17:39,18:54
السنغال,188,sn,Bignona,42420,12.8102800,-16.2263908,14.0,Africa/Dakar,2026-03-20,05:59,07:08,13:12,16:31,19:17,20:26
السنغال,188,sn,Bignona,42420,12.8102800,-16.2263908,14.0,Africa/Dakar,2026-06-21,05:21,06:39,13:07,16:33,19:35,20:52
السنغال,188,sn,Bignona,42420,12.8102800,-16.2263908,14.0,Africa/Dakar,2026-09-22,05:44,06:53,12:58,16:16,19:03,20:12
السنغال,188,sn,Bignona,42420,12.8102800,-16.2263908,14.0,Africa/Dakar,2026-12-21,06:06,07:20,13:03,16:19,18:46,20:00
السودان,201,sd,Wagar,9203,16.1527778,36.2041664,452.0,Africa/Khartoum,2026-03-20,04:28,05:36,11:43,15:04,17:50,18:58
السودان,201,sd,Wagar,9203,16.1527778,36.2041664,452.0,Africa/Khartoum,2026-06-21,03:43,05:00,11:37,15:02,18:14,19:31
السودان,201,sd,Wagar,9203,16.1527778,36.2041664,452.0,Africa/Khartoum,2026-09-22,04:13,05:21,11:28,14:49,17:35,18:43
السودان,201,sd,Wagar,9203,16.1527778,36.2041664,452.0,Africa/Khartoum,2026-12-21,04:41,05:54,11:33,14:45,17:12,18:25
السويد,205,se,Åkersberga,46430,59.4794400,18.2996693,21.0,Europe/Stockholm,2026-03-20,03:26,05:46,11:54,15:02,18:04,20:15
السويد,205,se,Åkersberga,46430,59.4794400,18.2996693,21.0,Europe/Stockholm,2026-06-21,إضاءة,03:23,12:49,17:29,22:14,إضاءة
السويد,205,se,Åkersberga,46430,59.4794400,18.2996693,21.0,Europe/Stockholm,2026-09-22,04:07,06:28,12:40,15:48,18:50,21:01
السويد,205,se,Åkersberga,46430,59.4794400,18.2996693,21.0,Europe/Stockholm,2026-12-21,06:01,08:39,11:45,12:41,14:51,17:20
الصومال,196,so,الرواق,42521,2.1381000,45.1212006,86.0,Africa/Mogadishu,2026-03-20,04:55,06:02,12:07,15:11,18:12,19:19
الصومال,196,so,الرواق,42521,2.1381000,45.1212006,86.0,Africa/Mogadishu,2026-06-21,04:39,05:52,12:01,15:28,18:11,19:24
الصومال,196,so,الرواق,42521,2.1381000,45.1212006,86.0,Africa/Mogadishu,2026-09-22,04:40,05:47,11:52,14:56,17:58,19:04
الصومال,196,so,الرواق,42521,2.1381000,45.1212006,86.0,Africa/Mogadishu,2026-12-21,04:43,05:55,11:58,15:22,18:00,19:13
الصين,44,cn,Acheng,25034,45.5454500,126.9770279,139.0,Asia/Shanghai,2026-03-20,03:56,05:33,11:40,15:02,17:47,19:18
الصين,44,cn,Acheng,25034,45.5454500,126.9770279,139.0,Asia/Shanghai,2026-06-21,01:04,03:39,11:34,15:44,19:29,21:49
الصين,44,cn,Acheng,25034,45.5454500,126.9770279,139.0,Asia/Shanghai,2026-09-22,03:38,05:15,11:25,14:48,17:34,19:05
الصين,44,cn,Acheng,25034,45.5454500,126.9770279,139.0,Asia/Shanghai,2026-12-21,05:21,07:05,11:30,13:34,15:55,17:33
العراق,102,iq,ابو غريب,5049,33.3083333,44.1850014,32.0,Asia/Baghdad,2026-03-20,04:37,06:07,12:18,15:45,18:19,19:35
العراق,102,iq,ابو غريب,5049,33.3083333,44.1850014,32.0,Asia/Baghdad,2026-06-21,03:01,04:54,12:12,15:56,19:20,20:56
العراق,102,iq,ابو غريب,5049,33.3083333,44.1850014,32.0,Asia/Baghdad,2026-09-22,04:21,05:51,12:03,15:31,18:04,19:21
العراق,102,iq,ابو غريب,5049,33.3083333,44.1850014,32.0,Asia/Baghdad,2026-12-21,05:27,07:03,12:08,14:49,17:04,18:26
الفاتيكان,94,va,مدينة الفاتيكان,10647,41.9028420,12.4565668,28.0,Europe/Rome,2026-03-20,04:40,06:12,12:18,15:43,18:24,19:50
الفاتيكان,94,va,مدينة الفاتيكان,10647,41.9028420,12.4565668,28.0,Europe/Rome,2026-06-21,03:23,05:33,13:12,17:15,20:52,22:51
الفاتيكان,94,va,مدينة الفاتيكان,10647,41.9028420,12.4565668,28.0,Europe/Rome,2026-09-22,05:24,06:55,13:03,16:28,19:10,20:36
الفاتيكان,94,va,مدينة الفاتيكان,10647,41.9028420,12.4565668,28.0,Europe/Rome,2026-12-21,05:54,07:32,12:08,14:25,16:45,18:17
الفيلبين,169,ph,Abucay,38672,14.7334700,120.5335770,20.0,Asia/Manila,2026-03-20,04:51,06:01,12:05,15:26,18:10,19:20
الفيلبين,169,ph,Abucay,38672,14.7334700,120.5335770,20.0,Asia/Manila,2026-06-21,04:09,05:28,12:00,15:25,18:31,19:50
الفيلبين,169,ph,Abucay,38672,14.7334700,120.5335770,20.0,Asia/Manila,2026-09-22,04:36,05:45,11:51,15:11,17:56,19:05
الفيلبين,169,ph,Abucay,38672,14.7334700,120.5335770,20.0,Asia/Manila,2026-12-21,05:01,06:16,11:56,15:09,17:35,18:50
القطب الجنوبي,8,aq,Antarctica,20470,30.4531077,-82.0371170,11.0,America/Antigua,2026-03-20,06:12,07:30,13:36,17:03,19:41,21:00
القطب الجنوبي,8,aq,Antarctica,20470,30.4531077,-82.0371170,11.0,America/Antigua,2026-06-21,04:49,06:25,13:30,17:07,20:35,22:11
القطب الجنوبي,8,aq,Antarctica,20470,30.4531077,-82.0371170,11.0,America/Antigua,2026-09-22,05:56,07:15,13:21,16:48,19:26,20:45
القطب الجنوبي,8,aq,Antarctica,20470,30.4531077,-82.0371170,11.0,America/Antigua,2026-12-21,06:55,08:19,13:26,16:14,18:34,19:58
الكاميرون,37,cm,Akonolinga,22939,3.7666700,12.2500000,651.0,Africa/Douala,2026-03-20,05:06,06:11,12:18,15:25,18:26,19:31
الكاميرون,37,cm,Akonolinga,22939,3.7666700,12.2500000,651.0,Africa/Douala,2026-06-21,04:47,05:58,12:13,15:40,18:27,19:39
الكاميرون,37,cm,Akonolinga,22939,3.7666700,12.2500000,651.0,Africa/Douala,2026-09-22,04:52,05:56,12:04,15:10,18:11,19:16
الكاميرون,37,cm,Akonolinga,22939,3.7666700,12.2500000,651.0,Africa/Douala,2026-12-21,04:57,06:07,12:09,15:33,18:11,19:21
الكونغو - برازافيل,49,cg,Brazzaville,25619,-4.2661300,15.2831802,296.0,Africa/Brazzaville,2026-03-20,04:54,06:00,12:06,15:14,18:13,19:18
الكونغو - برازافيل,49,cg,Brazzaville,25619,-4.2661300,15.2831802,296.0,Africa/Brazzaville,2026-06-21,04:50,06:01,12:01,15:24,18:00,19:12
الكونغو - برازافيل,49,cg,Brazzaville,25619,-4.2661300,15.2831802,296.0,Africa/Brazzaville,2026-09-22,04:40,05:46,11:52,15:00,17:58,19:04
الكونغو - برازافيل,49,cg,Brazzaville,25619,-4.2661300,15.2831802,296.0,Africa/Brazzaville,2026-12-21,04:30,05:43,11:57,15:24,18:11,19:24
الكويت,114,kw,الرقة,5853,29.1458333,48.0947227,39.0,Asia/Kuwait,2026-03-20,04:33,05:50,11:55,15:22,18:01,19:16
الكويت,114,kw,الرقة,5853,29.1458333,48.0947227,39.0,Asia/Kuwait,2026-06-21,03:14,04:47,11:49,15:23,18:52,20:22
الكويت,114,kw,الرقة,5853,29.1458333,48.0947227,39.0,Asia/Kuwait,2026-09-22,04:17,05:34,11:40,15:08,17:46,19:01
الكويت,114,kw,الرقة,5853,29.1458333,48.0947227,39.0,Asia/Kuwait,2026-12-21,05:12,06:35,11:46,14:36,16:56,18:16
المجر,97,hu,Abony,29960,47.1899000,20.0047607,89.0,Europe/Budapest,2026-03-20,04:00,05:40,11:47,15:09,17:55,19:30
المجر,97,hu,Abony,29960,47.1899000,20.0047607,89.0,Europe/Budapest,2026-06-21,01:44,04:40,12:42,16:56,20:43,23:20
المجر,97,hu,Abony,29960,47.1899000,20.0047607,89.0,Europe/Budapest,2026-09-22,04:43,06:24,12:33,15:55,18:41,20:15
المجر,97,hu,Abony,29960,47.1899000,20.0047607,89.0,Europe/Budapest,2026-12-21,05:32,07:20,11:38,13:36,15:56,17:38
المحيط الهندي البريطاني,31,io,دييغو جارسيا,10622,-7.3186630,72.4247971,3.0,Indian/Chagos,2026-03-20,06:05,07:13,13:18,16:30,19:23,20:30
المحيط الهندي البريطاني,31,io,دييغو جارسيا,10622,-7.3186630,72.4247971,3.0,Indian/Chagos,2026-06-21,06:06,07:20,13:12,16:33,19:05,20:18
المحيط الهندي البريطاني,31,io,دييغو جارسيا,10622,-7.3186630,72.4247971,3.0,Indian/Chagos,2026-09-22,05:51,06:59,13:03,16:16,19:08,20:16
المحيط الهندي البريطاني,31,io,دييغو جارسيا,10622,-7.3186630,72.4247971,3.0,Indian/Chagos,2026-12-21,05:35,06:50,13:08,16:36,19:26,20:42
المغرب,144,ma,أزرو,6927,33.4300000,-5.2100000,1509.0,Africa/Casablanca,2026-03-20,04:57,06:17,12:33,15:56,18:42,19:51
المغرب,144,ma,أزرو,6927,33.4300000,-5.2100000,1509.0,Africa/Casablanca,2026-06-21,04:21,06:03,13:28,17:07,20:44,22:10
المغرب,144,ma,أزرو,6927,33.4300000,-5.2100000,1509.0,Africa/Casablanca,2026-09-22,05:41,07:02,13:19,16:41,19:27,20:36
المغرب,144,ma,أزرو,6927,33.4300000,-5.2100000,1509.0,Africa/Casablanca,2026-12-21,06:47,08:13,13:24,15:59,18:27,19:41
المقاطعات الجنوبية الفرنسية,76,tf,Port-aux-Français,28534,-49.3491600,70.2193680,21.5,Indian/Kerguelen,2026-03-20,04:32,06:18,12:27,15:47,18:34,20:13
المقاطعات الجنوبية الفرنسية,76,tf,Port-aux-Français,28534,-49.3491600,70.2193680,21.5,Indian/Kerguelen,2026-06-21,06:18,08:13,12:21,14:10,16:29,18:17
المقاطعات الجنوبية الفرنسية,76,tf,Port-aux-Français,28534,-49.3491600,70.2193680,21.5,Indian/Kerguelen,2026-09-22,04:21,06:06,12:12,15:31,18:19,19:58
المقاطعات الجنوبية الفرنسية,76,tf,Port-aux-Français,28534,-49.3491600,70.2193680,21.5,Indian/Kerguelen,2026-12-21,إضاءة,04:06,12:17,16:36,20:28,23:52
المكسيك,138,mx,??lamo,36458,20.9115400,-97.6755371,29.0,America/Bahia_Banderas,2026-03-20,05:21,06:33,12:38,16:03,18:44,19:56
المكسيك,138,mx,??lamo,36458,20.9115400,-97.6755371,29.0,America/Bahia_Banderas,2026-06-21,04:26,05:49,12:33,15:53,19:17,20:40
المكسيك,138,mx,??lamo,36458,20.9115400,-97.6755371,29.0,America/Bahia_Banderas,2026-09-22,05:06,06:18,12:23,15:48,18:29,19:40
المكسيك,138,mx,??lamo,36458,20.9115400,-97.6755371,29.0,America/Bahia_Banderas,2026-12-21,05:44,07:01,12:29,15:34,17:57,19:14
المملكة العربية السعودية,187,sa,‘Afīf,10850,23.9065000,42.9172401,1056.0,Asia/Riyadh,2026-03-20,04:55,06:07,12:17,15:42,18:25,19:55
المملكة العربية السعودية,187,sa,‘Afīf,10850,23.9065000,42.9172401,1056.0,Asia/Riyadh,2026-06-21,03:51,05:16,12:11,15:29,19:05,20:35
المملكة العربية السعودية,187,sa,‘Afīf,10850,23.9065000,42.9172401,1056.0,Asia/Riyadh,2026-09-22,04:39,05:51,12:02,15:27,18:10,19:40
المملكة العربية السعودية,187,sa,‘Afīf,10850,23.9065000,42.9172401,1056.0,Asia/Riyadh,2026-12-21,05:23,06:40,12:07,15:06,17:32,19:02
المملكة المتحدة,225,gb,Aberdare,47978,51.7143800,-3.4491799,223.5,Europe/London,2026-03-20,04:23,06:12,12:21,15:39,18:31,20:14
المملكة المتحدة,225,gb,Aberdare,47978,51.7143800,-3.4491799,223.5,Europe/London,2026-06-21,إضاءة,04:50,13:16,17:39,21:42,إضاءة
المملكة المتحدة,225,gb,Aberdare,47978,51.7143800,-3.4491799,223.5,Europe/London,2026-09-22,05:05,06:56,13:07,16:24,19:17,20:59
المملكة المتحدة,225,gb,Aberdare,47978,51.7143800,-3.4491799,223.5,Europe/London,2026-12-21,06:13,08:13,12:12,13:51,16:11,18:04
النرويج,160,no,Ålesund,37722,62.4722500,6.1549201,0.0,Europe/Oslo,2026-03-20,03:57,06:34,12:43,15:45,18:54,21:21
النرويج,160,no,Ålesund,37722,62.4722500,6.1549201,0.0,Europe/Oslo,2026-06-21,إضاءة,03:30,13:37,18:26,23:44,إضاءة
النرويج,160,no,Ålesund,37722,62.4722500,6.1549201,0.0,Europe/Oslo,2026-09-22,04:37,07:16,13:28,16:31,19:39,22:06
النرويج,160,no,Ålesund,37722,62.4722500,6.1549201,0.0,Europe/Oslo,2026-12-21,06:57,09:59,12:33,13:10,15:08,18:01
النمسا,14,at,Amstetten,21127,48.1229000,14.8720598,283.0,Europe/Vienna,2026-03-20,04:19,06:00,12:08,15:29,18:17,19:52
النمسا,14,at,Amstetten,21127,48.1229000,14.8720598,283.0,Europe/Vienna,2026-06-21,01:38,04:55,13:02,17:18,21:10,23:58
النمسا,14,at,Amstetten,21127,48.1229000,14.8720598,283.0,Europe/Vienna,2026-09-22,05:01,06:43,12:53,16:14,19:03,20:38
النمسا,14,at,Amstetten,21127,48.1229000,14.8720598,283.0,Europe/Vienna,2026-12-21,05:54,07:43,11:59,13:53,16:14,17:57
النيجر,156,ne,Agadez,37681,16.9733300,7.9911098,500.5,Africa/Niamey,2026-03-20,05:20,06:29,12:36,15:58,18:43,19:51
النيجر,156,ne,Agadez,37681,16.9733300,7.9911098,500.5,Africa/Niamey,2026-06-21,04:34,05:51,12:30,15:54,19:08,20:26
النيجر,156,ne,Agadez,37681,16.9733300,7.9911098,500.5,Africa/Niamey,2026-09-22,05:05,06:13,12:21,15:43,18:28,19:36
النيجر,156,ne,Agadez,37681,16.9733300,7.9911098,500.5,Africa/Niamey,2026-12-21,05:35,06:48,12:26,15:37,18:04,19:17
الهند,99,in,Abhay??puri,31001,26.3225500,90.6852570,40.0,Asia/Kolkata,2026-03-20,04:15,05:30,11:35,15:02,17:40,18:55
الهند,99,in,Abhay??puri,31001,26.3225500,90.6852570,40.0,Asia/Kolkata,2026-06-21,03:04,04:33,11:29,14:55,18:25,19:54
الهند,99,in,Abhay??puri,31001,26.3225500,90.6852570,40.0,Asia/Kolkata,2026-09-22,03:59,05:14,11:20,14:47,17:26,18:41
الهند,99,in,Abhay??puri,31001,26.3225500,90.6852570,40.0,Asia/Kolkata,2026-12-21,04:48,06:08,11:25,14:21,16:42,18:03
الولايات المتحدة الأمريكية,226,us,Abilene,48665,32.4487400,-99.7331390,527.0,America/Denver,2026-03-20,05:21,06:38,12:46,16:14,18:55,20:13
الولايات المتحدة الأمريكية,226,us,Abilene,48665,32.4487400,-99.7331390,527.0,America/Denver,2026-06-21,03:51,05:27,12:41,16:22,19:54,21:31
الولايات المتحدة الأمريكية,226,us,Abilene,48665,32.4487400,-99.7331390,527.0,America/Denver,2026-09-22,05:05,06:23,12:32,15:59,18:40,19:57
الولايات المتحدة الأمريكية,226,us,Abilene,48665,32.4487400,-99.7331390,527.0,America/Denver,2026-12-21,05:09,06:32,11:37,14:20,16:43,18:06
اليابان,107,jp,Abashiri,34941,44.0212700,144.2697144,6.0,Asia/Tokyo,2026-03-20,03:50,05:25,11:31,14:54,17:37,19:06
اليابان,107,jp,Abashiri,34941,44.0212700,144.2697144,6.0,Asia/Tokyo,2026-06-21,01:14,03:38,11:25,15:32,19:12,21:23
اليابان,107,jp,Abashiri,34941,44.0212700,144.2697144,6.0,Asia/Tokyo,2026-09-22,03:32,05:07,11:16,14:40,17:23,18:53
اليابان,107,jp,Abashiri,34941,44.0212700,144.2697144,6.0,Asia/Tokyo,2026-12-21,05:09,06:52,11:21,13:30,15:50,17:27
اليمن,237,ye,إب,10426,13.9666667,44.1833344,1929.0,Asia/Aden,2026-03-20,04:57,06:00,12:13,15:31,18:21,19:21
اليمن,237,ye,إب,10426,13.9666667,44.1833344,1929.0,Asia/Aden,2026-06-21,04:17,05:29,12:07,15:31,18:42,19:49
اليمن,237,ye,إب,10426,13.9666667,44.1833344,1929.0,Asia/Aden,2026-09-22,04:42,05:45,11:58,15:16,18:07,19:06
اليمن,237,ye,إب,10426,13.9666667,44.1833344,1929.0,Asia/Aden,2026-12-21,05:06,06:14,12:03,15:16,17:48,18:52
اليونان,83,gr,??gioi Anárgyroi,29745,38.0301300,23.7237892,94.0,Europe/Athens,2026-03-20,05:01,06:26,12:33,15:59,18:39,20:00
اليونان,83,gr,??gioi Anárgyroi,29745,38.0301300,23.7237892,94.0,Europe/Athens,2026-06-21,04:07,06:00,13:27,17:21,20:54,22:39
اليونان,83,gr,??gioi Anárgyroi,29745,38.0301300,23.7237892,94.0,Europe/Athens,2026-09-22,05:44,07:10,13:18,16:45,19:25,20:45
اليونان,83,gr,??gioi Anárgyroi,29745,38.0301300,23.7237892,94.0,Europe/Athens,2026-12-21,06:03,07:35,12:23,14:51,17:12,18:38
اندونيسيا,100,id,Abepura,31382,-2.5964000,140.6324005,117.5,Asia/Jakarta,2026-03-20,02:33,03:40,09:45,12:50,15:50,16:57
اندونيسيا,100,id,Abepura,31382,-2.5964000,140.6324005,117.5,Asia/Jakarta,2026-06-21,02:25,03:38,09:39,13:04,15:41,16:53
اندونيسيا,100,id,Abepura,31382,-2.5964000,140.6324005,117.5,Asia/Jakarta,2026-09-22,02:18,03:25,09:30,12:36,15:36,16:42
اندونيسيا,100,id,Abepura,31382,-2.5964000,140.6324005,117.5,Asia/Jakarta,2026-12-21,02:12,03:25,09:35,13:02,15:46,16:59
ايران,101,ir,‘Ajab Shīr,31517,37.4776000,45.8942986,1295.0,Asia/Tehran,2026-03-20,05:03,06:23,12:34,16:01,18:45,20:06
ايران,101,ir,‘Ajab Shīr,31517,37.4776000,45.8942986,1295.0,Asia/Tehran,2026-06-21,03:11,04:57,12:28,16:22,19:59,21:45
ايران,101,ir,‘Ajab Shīr,31517,37.4776000,45.8942986,1295.0,Asia/Tehran,2026-09-22,04:46,06:07,12:19,15:46,18:31,19:51
ايران,101,ir,‘Ajab Shīr,31517,37.4776000,45.8942986,1295.0,Asia/Tehran,2026-12-21,06:03,07:29,12:24,14:54,17:20,18:46
ايطاليا,105,it,Abano Terme,34318,45.3575300,11.7872496,10.0,Europe/Rome,2026-03-20,04:37,06:14,12:20,15:43,18:27,19:59
ايطاليا,105,it,Abano Terme,34318,45.3575300,11.7872496,10.0,Europe/Rome,2026-06-21,02:48,05:22,13:15,17:25,21:07,23:28
ايطاليا,105,it,Abano Terme,34318,45.3575300,11.7872496,10.0,Europe/Rome,2026-09-22,05:20,06:58,13:06,16:29,19:13,20:44
ايطاليا,105,it,Abano Terme,34318,45.3575300,11.7872496,10.0,Europe/Rome,2026-12-21,06:02,07:47,12:11,14:16,16:35,18:14
بابوا غينيا الجديدة,166,pg,Arawa,38088,-6.2297700,155.5659790,28.5,Pacific/Bougainville,2026-03-20,05:33,06:40,12:45,15:56,18:50,19:58
بابوا غينيا الجديدة,166,pg,Arawa,38088,-6.2297700,155.5659790,28.5,Pacific/Bougainville,2026-06-21,05:32,06:45,12:40,16:02,18:34,19:47
بابوا غينيا الجديدة,166,pg,Arawa,38088,-6.2297700,155.5659790,28.5,Pacific/Bougainville,2026-09-22,05:19,06:26,12:31,15:42,18:35,19:43
بابوا غينيا الجديدة,166,pg,Arawa,38088,-6.2297700,155.5659790,28.5,Pacific/Bougainville,2026-12-21,05:05,06:19,12:36,16:03,18:52,20:07
باراجواي,167,py,Asunción,38096,-25.2864600,-57.6469994,62.0,America/Asuncion,2026-03-20,05:38,06:52,12:58,16:24,19:03,20:18
باراجواي,167,py,Asunción,38096,-25.2864600,-57.6469994,62.0,America/Asuncion,2026-06-21,06:14,07:33,12:52,15:50,18:12,19:31
باراجواي,167,py,Asunción,38096,-25.2864600,-57.6469994,62.0,America/Asuncion,2026-09-22,05:24,06:38,12:43,16:10,18:49,20:03
باراجواي,167,py,Asunción,38096,-25.2864600,-57.6469994,62.0,America/Asuncion,2026-12-21,04:28,05:55,12:49,16:12,19:43,21:10
باكستان,162,pk,Abbottabad,37790,34.1463000,73.2116776,1272.0,Asia/Karachi,2026-03-20,04:48,06:11,12:15,16:35,18:24,19:42
باكستان,162,pk,Abbottabad,37790,34.1463000,73.2116776,1272.0,Asia/Karachi,2026-06-21,03:11,04:56,12:09,17:11,19:27,21:07
باكستان,162,pk,Abbottabad,37790,34.1463000,73.2116776,1272.0,Asia/Karachi,2026-09-22,04:31,05:55,12:00,16:20,18:09,19:28
باكستان,162,pk,Abbottabad,37790,34.1463000,73.2116776,1272.0,Asia/Karachi,2026-12-21,05:39,07:09,12:05,15:24,17:06,18:31
بالاو,163,pw,Ngerulmud,38055,7.5007700,134.6237946,51.0,Pacific/Palau,2026-03-20,04:57,06:04,12:09,15:22,18:14,19:22
بالاو,163,pw,Ngerulmud,38055,7.5007700,134.6237946,51.0,Pacific/Palau,2026-06-21,04:30,05:45,12:03,15:31,18:22,19:37
بالاو,163,pw,Ngerulmud,38055,7.5007700,134.6237946,51.0,Pacific/Palau,2026-09-22,04:42,05:49,11:54,15:06,18:00,19:07
بالاو,163,pw,Ngerulmud,38055,7.5007700,134.6237946,51.0,Pacific/Palau,2026-12-21,04:54,06:07,11:59,15:20,17:52,19:05
بتسوانا,28,bw,غابورون,10620,-24.5989410,25.9370174,995.0,Africa/Gaborone,2026-03-20,05:04,06:14,12:24,15:50,18:33,19:43
بتسوانا,28,bw,غابورون,10620,-24.5989410,25.9370174,995.0,Africa/Gaborone,2026-06-21,05:38,06:54,12:18,15:17,17:42,18:58
بتسوانا,28,bw,غابورون,10620,-24.5989410,25.9370174,995.0,Africa/Gaborone,2026-09-22,04:50,06:01,12:09,15:35,18:18,19:28
بتسوانا,28,bw,غابورون,10620,-24.5989410,25.9370174,995.0,Africa/Gaborone,2026-12-21,03:55,05:18,12:14,15:35,19:10,20:33
بتكايرن,170,pn,ادمستون,10665,-25.0654150,-130.1044922,76.0,Pacific/Pitcairn,2026-03-20,05:28,06:42,12:48,16:14,18:53,20:07
بتكايرن,170,pn,ادمستون,10665,-25.0654150,-130.1044922,76.0,Pacific/Pitcairn,2026-06-21,06:03,07:23,12:42,15:40,18:02,19:21
بتكايرن,170,pn,ادمستون,10665,-25.0654150,-130.1044922,76.0,Pacific/Pitcairn,2026-09-22,05:14,06:28,12:33,15:59,18:39,19:53
بتكايرن,170,pn,ادمستون,10665,-25.0654150,-130.1044922,76.0,Pacific/Pitcairn,2026-12-21,04:18,05:45,12:39,16:01,19:32,20:59
بربادوس,19,bb,أوستينس,1010,13.0666667,-59.5333328,53.0,America/Barbados,2026-03-20,04:52,06:00,12:06,15:24,18:11,19:20
بربادوس,19,bb,أوستينس,1010,13.0666667,-59.5333328,53.0,America/Barbados,2026-06-21,04:14,05:31,12:00,15:26,18:29,19:46
بربادوس,19,bb,أوستينس,1010,13.0666667,-59.5333328,53.0,America/Barbados,2026-09-22,04:37,05:45,11:51,15:09,17:56,19:05
بربادوس,19,bb,أوستينس,1010,13.0666667,-59.5333328,53.0,America/Barbados,2026-12-21,04:59,06:14,11:56,15:12,17:39,18:53
برمودا,24,bm,هاميلتون,10618,32.2961030,-64.7867661,9.0,America/Nassau,2026-03-20,05:01,06:21,12:27,15:54,18:33,19:53
برمودا,24,bm,هاميلتون,10618,32.2961030,-64.7867661,9.0,America/Nassau,2026-06-21,03:32,05:11,12:21,16:02,19:31,21:10
برمودا,24,bm,هاميلتون,10618,32.2961030,-64.7867661,9.0,America/Nassau,2026-09-22,04:45,06:06,12:12,15:39,18:18,19:38
برمودا,24,bm,هاميلتون,10618,32.2961030,-64.7867661,9.0,America/Nassau,2026-12-21,04:49,06:14,11:17,14:00,16:20,17:46
بروناي,32,bn,بانجار,1669,4.7166667,115.0666656,45.0,Asia/Brunei,2026-03-20,05:07,06:22,12:28,15:36,18:32,19:39
بروناي,32,bn,بانجار,1669,4.7166667,115.0666656,45.0,Asia/Brunei,2026-06-21,04:45,06:08,12:23,15:49,18:35,19:49
بروناي,32,bn,بانجار,1669,4.7166667,115.0666656,45.0,Asia/Brunei,2026-09-22,04:52,06:07,12:14,15:21,18:18,19:25
بروناي,32,bn,بانجار,1669,4.7166667,115.0666656,45.0,Asia/Brunei,2026-12-21,04:58,06:20,12:19,15:41,18:15,19:28
بلجيكا,21,be,Aalst,21481,50.9360400,4.0355000,16.0,Europe/Brussels,2026-03-20,04:55,06:44,12:51,16:10,18:59,20:42
بلجيكا,21,be,Aalst,21481,50.9360400,4.0355000,16.0,Europe/Brussels,2026-06-21,إضاءة,05:26,13:46,18:08,22:05,إضاءة
بلجيكا,21,be,Aalst,21481,50.9360400,4.0355000,16.0,Europe/Brussels,2026-09-22,05:37,07:27,13:37,16:55,19:45,21:27
بلجيكا,21,be,Aalst,21481,50.9360400,4.0355000,16.0,Europe/Brussels,2026-12-21,06:42,08:41,12:42,14:24,16:43,18:36
بلغاريا,33,bg,Asenovgrad,22824,42.0166700,24.8666706,232.0,Europe/Sofia,2026-03-20,04:51,06:21,12:28,15:53,18:36,20:01
بلغاريا,33,bg,Asenovgrad,22824,42.0166700,24.8666706,232.0,Europe/Sofia,2026-06-21,03:32,05:41,13:22,17:26,21:04,23:03
بلغاريا,33,bg,Asenovgrad,22824,42.0166700,24.8666706,232.0,Europe/Sofia,2026-09-22,05:34,07:04,13:13,16:38,19:22,20:46
بلغاريا,33,bg,Asenovgrad,22824,42.0166700,24.8666706,232.0,Europe/Sofia,2026-12-21,06:04,07:41,12:19,14:35,16:56,18:28
بليز,22,bz,أورانج ووك,1210,18.0666667,-88.5500031,32.0,America/Belize,2026-03-20,04:46,05:57,12:02,15:25,18:07,19:18
بليز,22,bz,أورانج ووك,1210,18.0666667,-88.5500031,32.0,America/Belize,2026-06-21,03:57,05:18,11:56,15:19,18:34,19:55
بليز,22,bz,أورانج ووك,1210,18.0666667,-88.5500031,32.0,America/Belize,2026-09-22,04:31,05:41,11:47,15:10,17:52,19:03
بليز,22,bz,أورانج ووك,1210,18.0666667,-88.5500031,32.0,America/Belize,2026-12-21,05:03,06:19,11:52,15:02,17:26,18:42
بنجلاديش,18,bd,Azimpur,21261,23.7298000,90.3853989,16.0,Asia/Dhaka,2026-03-20,04:48,06:01,12:06,15:32,18:11,19:25
بنجلاديش,18,bd,Azimpur,21261,23.7298000,90.3853989,16.0,Asia/Dhaka,2026-06-21,03:44,05:10,12:00,15:18,18:50,20:16
بنجلاديش,18,bd,Azimpur,21261,23.7298000,90.3853989,16.0,Asia/Dhaka,2026-09-22,04:32,05:45,11:51,15:17,17:57,19:10
بنجلاديش,18,bd,Azimpur,21261,23.7298000,90.3853989,16.0,Asia/Dhaka,2026-12-21,05:15,06:34,11:56,14:57,17:19,18:37
بنما,165,pa,Alcalde Díaz,38081,9.1201600,-79.5564117,165.0,America/Panama,2026-03-20,05:13,06:20,12:26,15:40,18:31,19:39
بنما,165,pa,Alcalde Díaz,38081,9.1201600,-79.5564117,165.0,America/Panama,2026-06-21,04:43,05:58,12:20,15:48,18:42,19:57
بنما,165,pa,Alcalde Díaz,38081,9.1201600,-79.5564117,165.0,America/Panama,2026-09-22,04:58,06:05,12:11,15:25,18:17,19:24
بنما,165,pa,Alcalde Díaz,38081,9.1201600,-79.5564117,165.0,America/Panama,2026-12-21,05:13,06:26,12:16,15:36,18:07,19:20
بنين,23,bj,أبلهوي,1245,6.9333333,1.6833333,131.0,Africa/Porto-Novo,2026-03-20,05:48,06:55,13:01,16:12,19:06,20:13
بنين,23,bj,أبلهوي,1245,6.9333333,1.6833333,131.0,Africa/Porto-Novo,2026-06-21,05:23,06:37,12:55,16:23,19:13,20:28
بنين,23,bj,أبلهوي,1245,6.9333333,1.6833333,131.0,Africa/Porto-Novo,2026-09-22,05:33,06:40,12:46,15:57,18:52,19:59
بنين,23,bj,أبلهوي,1245,6.9333333,1.6833333,131.0,Africa/Porto-Novo,2026-12-21,05:45,06:57,12:51,16:13,18:45,19:58
بوتان,25,bt,باجو,1251,27.5333333,89.8833313,1258.0,Asia/Thimphu,2026-03-20,04:47,05:59,12:08,15:35,18:18,19:29
بوتان,25,bt,باجو,1251,27.5333333,89.8833313,1258.0,Asia/Thimphu,2026-06-21,03:33,04:59,12:02,15:31,19:06,20:31
بوتان,25,bt,باجو,1251,27.5333333,89.8833313,1258.0,Asia/Thimphu,2026-09-22,04:31,05:43,11:53,15:20,18:04,19:15
بوتان,25,bt,باجو,1251,27.5333333,89.8833313,1258.0,Asia/Thimphu,2026-12-21,05:23,06:39,11:58,14:52,17:17,18:34
بورتوريكو,173,pr,سان خوان,10666,18.3825510,-66.0714645,33.0,America/Argentina/San_Juan,2026-03-20,06:16,07:27,13:32,16:55,19:37,20:48
بورتوريكو,173,pr,سان خوان,10666,18.3825510,-66.0714645,33.0,America/Argentina/San_Juan,2026-06-21,05:26,06:47,13:26,16:49,20:05,21:26
بورتوريكو,173,pr,سان خوان,10666,18.3825510,-66.0714645,33.0,America/Argentina/San_Juan,2026-09-22,06:01,07:12,13:17,16:40,19:22,20:33
بورتوريكو,173,pr,سان خوان,10666,18.3825510,-66.0714645,33.0,America/Argentina/San_Juan,2026-12-21,06:34,07:50,13:22,16:31,18:55,20:11
بوركينا فاسو,34,bf,واغادوغو,10623,12.3769010,-1.5317039,297.0,Africa/Ouagadougou,2026-03-20,05:00,06:07,12:14,15:32,18:20,19:27
بوركينا فاسو,34,bf,واغادوغو,10623,12.3769010,-1.5317039,297.0,Africa/Ouagadougou,2026-06-21,04:24,05:39,12:08,15:35,18:37,19:52
بوركينا فاسو,34,bf,واغادوغو,10623,12.3769010,-1.5317039,297.0,Africa/Ouagadougou,2026-09-22,04:45,05:52,11:59,15:17,18:05,19:13
بوركينا فاسو,34,bf,واغادوغو,10623,12.3769010,-1.5317039,297.0,Africa/Ouagadougou,2026-12-21,05:06,06:19,12:04,15:21,17:50,19:02
بوروندي,35,bi,Bujumbura,22842,-3.3819300,29.3614197,785.5,Africa/Bujumbura,2026-03-20,04:58,06:02,12:10,15:16,18:18,19:22
بوروندي,35,bi,Bujumbura,22842,-3.3819300,29.3614197,785.5,Africa/Bujumbura,2026-06-21,04:52,06:02,12:04,15:28,18:07,19:17
بوروندي,35,bi,Bujumbura,22842,-3.3819300,29.3614197,785.5,Africa/Bujumbura,2026-09-22,04:43,05:48,11:55,15:02,18:03,19:07
بوروندي,35,bi,Bujumbura,22842,-3.3819300,29.3614197,785.5,Africa/Bujumbura,2026-12-21,04:35,05:46,12:01,15:28,18:15,19:26
بولندا,171,pl,??ańcut,38959,50.0687100,22.2291203,227.0,Europe/Warsaw,2026-03-20,03:45,05:30,11:39,14:58,17:48,19:27
بولندا,171,pl,??ańcut,38959,50.0687100,22.2291203,227.0,Europe/Warsaw,2026-06-21,إضاءة,04:16,12:33,16:53,20:50,إضاءة
بولندا,171,pl,??ańcut,38959,50.0687100,22.2291203,227.0,Europe/Warsaw,2026-09-22,04:27,06:13,12:24,15:43,18:34,20:13
بولندا,171,pl,??ańcut,38959,50.0687100,22.2291203,227.0,Europe/Warsaw,2026-12-21,05:27,07:22,11:29,13:15,15:36,17:24
بوليفيا,26,bo,Ascención de Guarayos,21714,-15.8929900,-63.1885490,226.0,America/La_Paz,2026-03-20,05:05,06:14,12:20,15:41,18:26,19:35
بوليفيا,26,bo,Ascención de Guarayos,21714,-15.8929900,-63.1885490,226.0,America/La_Paz,2026-06-21,05:22,06:36,12:15,15:27,17:53,19:07
بوليفيا,26,bo,Ascención de Guarayos,21714,-15.8929900,-63.1885490,226.0,America/La_Paz,2026-09-22,04:51,06:00,12:05,15:27,18:11,19:20
بوليفيا,26,bo,Ascención de Guarayos,21714,-15.8929900,-63.1885490,226.0,America/La_Paz,2026-12-21,04:18,05:36,12:11,15:36,18:46,20:04
بولينيزيا الفرنسية,75,pf,بابيتي,10638,-17.5531300,-149.5614166,95.0,Pacific/Tahiti,2026-03-20,04:50,06:00,12:06,15:28,18:11,19:21
بولينيزيا الفرنسية,75,pf,بابيتي,10638,-17.5531300,-149.5614166,95.0,Pacific/Tahiti,2026-06-21,05:10,06:26,12:00,15:10,17:35,18:50
بولينيزيا الفرنسية,75,pf,بابيتي,10638,-17.5531300,-149.5614166,95.0,Pacific/Tahiti,2026-09-22,04:36,05:46,11:51,15:13,17:56,19:06
بولينيزيا الفرنسية,75,pf,بابيتي,10638,-17.5531300,-149.5614166,95.0,Pacific/Tahiti,2026-12-21,03:59,05:19,11:57,15:20,18:34,19:54
بيرو,168,pe,Abancay,38143,-13.6338900,-72.8813934,2405.5,America/Lima,2026-03-20,04:45,05:48,11:59,15:18,18:10,19:13
بيرو,168,pe,Abancay,38143,-13.6338900,-72.8813934,2405.5,America/Lima,2026-06-21,04:57,06:05,11:53,15:08,17:42,18:49
بيرو,168,pe,Abancay,38143,-13.6338900,-72.8813934,2405.5,America/Lima,2026-09-22,04:30,05:33,11:44,15:04,17:56,18:58
بيرو,168,pe,Abancay,38143,-13.6338900,-72.8813934,2405.5,America/Lima,2026-12-21,04:02,05:13,11:50,15:16,18:27,19:37
تانزانيا,210,tz,Arusha,46604,-3.3666700,36.6833305,1476.0,Africa/Dar_es_Salaam,2026-03-20,05:29,06:31,12:41,15:47,18:50,19:53
تانزانيا,210,tz,Arusha,46604,-3.3666700,36.6833305,1476.0,Africa/Dar_es_Salaam,2026-06-21,05:22,06:31,12:35,15:59,18:40,19:48
تانزانيا,210,tz,Arusha,46604,-3.3666700,36.6833305,1476.0,Africa/Dar_es_Salaam,2026-09-22,05:14,06:17,12:26,15:33,18:35,19:38
تانزانيا,210,tz,Arusha,46604,-3.3666700,36.6833305,1476.0,Africa/Dar_es_Salaam,2026-12-21,05:06,06:15,12:31,15:58,18:48,19:57
تايلند,211,th,Amnat Charoen,46860,15.8585100,104.6288300,159.5,Asia/Bangkok,2026-03-20,04:55,06:04,12:09,15:30,18:15,19:24
تايلند,211,th,Amnat Charoen,46860,15.8585100,104.6288300,159.5,Asia/Bangkok,2026-06-21,04:10,05:28,12:03,15:28,18:38,19:56
تايلند,211,th,Amnat Charoen,46860,15.8585100,104.6288300,159.5,Asia/Bangkok,2026-09-22,04:39,05:48,11:54,15:15,18:00,19:09
تايلند,211,th,Amnat Charoen,46860,15.8585100,104.6288300,159.5,Asia/Bangkok,2026-12-21,05:07,06:21,11:59,15:12,17:38,18:52
تايوان,208,tw,Banqiao,46559,25.0142700,121.4671936,13.0,Asia/Taipei,2026-03-20,04:43,05:57,12:02,15:28,18:07,19:21
تايوان,208,tw,Banqiao,46559,25.0142700,121.4671936,13.0,Asia/Taipei,2026-06-21,03:36,05:03,11:56,15:18,18:49,20:16
تايوان,208,tw,Banqiao,46559,25.0142700,121.4671936,13.0,Asia/Taipei,2026-09-22,04:26,05:41,11:47,15:13,17:53,19:07
تايوان,208,tw,Banqiao,46559,25.0142700,121.4671936,13.0,Asia/Taipei,2026-12-21,05:13,06:33,11:52,14:50,17:11,18:31
تركمانستان,219,tm,عشق أباد,10686,38.0175320,58.1802101,298.0,Asia/Ashgabat,2026-03-20,05:43,07:08,13:15,16:41,19:23,20:42
تركمانستان,219,tm,عشق أباد,10686,38.0175320,58.1802101,298.0,Asia/Ashgabat,2026-06-21,03:49,05:41,13:09,17:04,20:38,22:21
تركمانستان,219,tm,عشق أباد,10686,38.0175320,58.1802101,298.0,Asia/Ashgabat,2026-09-22,05:27,06:51,13:00,16:27,19:08,20:28
تركمانستان,219,tm,عشق أباد,10686,38.0175320,58.1802101,298.0,Asia/Ashgabat,2026-12-21,06:45,08:15,13:05,15:34,17:55,19:20
تركيا,218,tr,Inegol,9976,40.0780556,29.5133324,292.0,Europe/Istanbul,2026-03-20,05:35,06:59,13:14,16:39,19:21,20:39
تركيا,218,tr,Inegol,9976,40.0780556,29.5133324,292.0,Europe/Istanbul,2026-06-21,03:29,05:26,13:09,17:07,20:41,22:29
تركيا,218,tr,Inegol,9976,40.0780556,29.5133324,292.0,Europe/Istanbul,2026-09-22,05:18,06:42,13:00,16:25,19:06,20:25
تركيا,218,tr,Inegol,9976,40.0780556,29.5133324,292.0,Europe/Istanbul,2026-12-21,06:43,08:13,13:05,15:26,17:47,19:12
ترينيداد وتوباغو,216,tt,Arima,47031,10.6373700,-61.2822800,68.5,America/Port_of_Spain,2026-03-20,04:59,06:07,12:13,15:29,18:18,19:26
ترينيداد وتوباغو,216,tt,Arima,47031,10.6373700,-61.2822800,68.5,America/Port_of_Spain,2026-06-21,04:27,05:43,12:07,15:34,18:32,19:47
ترينيداد وتوباغو,216,tt,Arima,47031,10.6373700,-61.2822800,68.5,America/Port_of_Spain,2026-09-22,04:44,05:52,11:58,15:14,18:03,19:11
ترينيداد وتوباغو,216,tt,Arima,47031,10.6373700,-61.2822800,68.5,America/Port_of_Spain,2026-12-21,05:03,06:16,12:03,15:21,17:51,19:04
تشاد,42,td,Abéché,24311,13.8291600,20.8323994,541.0,Africa/Ndjamena,2026-03-20,04:30,05:37,11:44,15:04,17:51,18:58
تشاد,42,td,Abéché,24311,13.8291600,20.8323994,541.0,Africa/Ndjamena,2026-06-21,03:51,05:06,11:39,15:05,18:11,19:26
تشاد,42,td,Abéché,24311,13.8291600,20.8323994,541.0,Africa/Ndjamena,2026-09-22,04:15,05:22,11:29,14:49,17:37,18:44
تشاد,42,td,Abéché,24311,13.8291600,20.8323994,541.0,Africa/Ndjamena,2026-12-21,04:39,05:51,11:35,14:49,17:18,18:30
توجو,213,tg,Aného,47016,6.2279800,1.5919000,0.0,Africa/Lome,2026-03-20,04:49,05:56,12:01,15:12,18:06,19:14
توجو,213,tg,Aného,47016,6.2279800,1.5919000,0.0,Africa/Lome,2026-06-21,04:25,05:39,11:55,15:23,18:12,19:26
توجو,213,tg,Aného,47016,6.2279800,1.5919000,0.0,Africa/Lome,2026-09-22,04:34,05:42,11:46,14:57,17:51,18:59
توجو,213,tg,Aného,47016,6.2279800,1.5919000,0.0,Africa/Lome,2026-12-21,04:44,05:57,11:52,15:14,17:46,19:00
توفالو,221,tv,اساو,10030,-7.5000000,178.6666718,0.0,Pacific/Funafuti,2026-03-20,05:00,06:08,12:13,15:25,18:18,19:26
توفالو,221,tv,اساو,10030,-7.5000000,178.6666718,0.0,Pacific/Funafuti,2026-06-21,05:01,06:15,12:07,15:28,17:59,19:13
توفالو,221,tv,اساو,10030,-7.5000000,178.6666718,0.0,Pacific/Funafuti,2026-09-22,04:46,05:54,11:58,15:11,18:03,19:11
توفالو,221,tv,اساو,10030,-7.5000000,178.6666718,0.0,Pacific/Funafuti,2026-12-21,04:30,05:45,12:03,15:31,18:22,19:37
توكيلو,214,tk,نوكونونو,10684,-9.1954580,-171.8540955,12.0,Pacific/Apia,2026-03-20,05:22,06:30,12:35,-----,18:40,19:48
توكيلو,214,tk,نوكونونو,10684,-9.1954580,-171.8540955,12.0,Pacific/Apia,2026-06-21,05:26,06:40,12:29,-----,18:18,19:32
توكيلو,214,tk,نوكونونو,10684,-9.1954580,-171.8540955,12.0,Pacific/Apia,2026-09-22,05:08,06:16,12:20,-----,18:25,19:33
توكيلو,214,tk,نوكونونو,10684,-9.1954580,-171.8540955,12.0,Pacific/Apia,2026-12-21,04:48,06:04,12:26,-----,18:47,20:03
تونجا,215,to,بانجاي,9825,-19.8000000,-174.3500061,0.0,Pacific/Tongatapu,2026-03-20,05:28,06:40,12:45,-----,18:50,20:02
تونجا,215,to,بانجاي,9825,-19.8000000,-174.3500061,0.0,Pacific/Tongatapu,2026-06-21,05:52,07:09,12:39,-----,18:09,19:26
تونجا,215,to,بانجاي,9825,-19.8000000,-174.3500061,0.0,Pacific/Tongatapu,2026-09-22,05:15,06:26,12:30,-----,18:35,19:46
تونجا,215,to,بانجاي,9825,-19.8000000,-174.3500061,0.0,Pacific/Tongatapu,2026-12-21,04:31,05:54,12:36,-----,19:17,20:39
تونس,217,tn,أكودا,9879,35.8708333,10.5683336,13.0,Africa/Tunis,2026-03-20,04:56,06:20,12:32,15:52,18:33,19:55
تونس,217,tn,أكودا,9879,35.8708333,10.5683336,13.0,Africa/Tunis,2026-06-21,03:12,05:00,12:27,16:09,19:42,21:27
تونس,217,tn,أكودا,9879,35.8708333,10.5683336,13.0,Africa/Tunis,2026-09-22,04:40,06:04,12:17,15:38,18:19,19:40
تونس,217,tn,أكودا,9879,35.8708333,10.5683336,13.0,Africa/Tunis,2026-12-21,05:52,07:22,12:23,14:50,17:12,18:39
تيمور الشرقية,212,tl,ديلي,10683,-8.5589560,125.5726700,2.0,Asia/Dili,2026-03-20,05:32,06:40,12:45,15:59,18:50,19:58
تيمور الشرقية,212,tl,ديلي,10683,-8.5589560,125.5726700,2.0,Asia/Dili,2026-06-21,05:36,06:49,12:39,16:00,18:30,19:43
تيمور الشرقية,212,tl,ديلي,10683,-8.5589560,125.5726700,2.0,Asia/Dili,2026-09-22,05:18,06:26,12:31,15:45,18:35,19:43
تيمور الشرقية,212,tl,ديلي,10683,-8.5589560,125.5726700,2.0,Asia/Dili,2026-12-21,05:00,06:15,12:36,16:03,18:56,20:12
جامايكا,106,jm,Half Way Tree,34647,18.0124800,-76.7992783,54.0,America/Jamaica,2026-03-20,04:59,06:09,12:15,15:38,18:20,19:31
جامايكا,106,jm,Half Way Tree,34647,18.0124800,-76.7992783,54.0,America/Jamaica,2026-06-21,04:10,05:31,12:09,15:32,18:47,20:08
جامايكا,106,jm,Half Way Tree,34647,18.0124800,-76.7992783,54.0,America/Jamaica,2026-09-22,04:44,05:54,12:00,15:23,18:05,19:16
جامايكا,106,jm,Half Way Tree,34647,18.0124800,-76.7992783,54.0,America/Jamaica,2026-12-21,05:16,06:32,12:05,15:15,17:39,18:55
جبل طارق,82,gi,جبل طارق,10640,-21.3090900,55.4737968,151.0,Europe/Gibraltar,2026-03-20,02:08,03:19,09:26,12:50,15:32,16:43
جبل طارق,82,gi,جبل طارق,10640,-21.3090900,55.4737968,151.0,Europe/Gibraltar,2026-06-21,03:35,04:52,10:20,13:24,15:48,17:04
جبل طارق,82,gi,جبل طارق,10640,-21.3090900,55.4737968,151.0,Europe/Gibraltar,2026-09-22,02:54,04:06,10:11,13:36,16:17,17:28
جبل طارق,82,gi,جبل طارق,10640,-21.3090900,55.4737968,151.0,Europe/Gibraltar,2026-12-21,01:08,02:30,09:16,12:36,16:02,17:24
جرينادا,85,gd,جوييف,4239,12.1666667,-61.7333336,18.0,America/Grenada,2026-03-20,05:01,06:10,12:14,15:32,18:19,19:28
جرينادا,85,gd,جوييف,4239,12.1666667,-61.7333336,18.0,America/Grenada,2026-06-21,04:25,05:42,12:09,15:36,18:36,19:53
جرينادا,85,gd,جوييف,4239,12.1666667,-61.7333336,18.0,America/Grenada,2026-09-22,04:46,05:55,12:00,15:17,18:05,19:13
جرينادا,85,gd,جوييف,4239,12.1666667,-61.7333336,18.0,America/Grenada,2026-12-21,05:07,06:21,12:05,15:22,17:49,19:03
جرينلاند,84,gl,نوك,10641,64.1852950,-51.6865540,59.0,America/Nuuk,2026-03-20,04:35,07:23,13:34,16:34,19:47,22:25
جرينلاند,84,gl,نوك,10641,64.1852950,-51.6865540,59.0,America/Nuuk,2026-06-21,إضاءة,03:40,14:29,19:22,01:17,إضاءة
جرينلاند,84,gl,نوك,10641,64.1852950,-51.6865540,59.0,America/Nuuk,2026-09-22,05:15,08:06,14:19,17:18,20:31,23:08
جرينلاند,84,gl,نوك,10641,64.1852950,-51.6865540,59.0,America/Nuuk,2026-12-21,07:53,11:13,13:25,13:49,15:36,18:47
جزر الأنتيل الهولندية,151,an,وليمستاد,10660,12.1482150,-68.9431534,47.0,America/Manaus,2026-03-20,05:30,06:38,12:43,16:01,18:48,19:57
جزر الأنتيل الهولندية,151,an,وليمستاد,10660,12.1482150,-68.9431534,47.0,America/Manaus,2026-06-21,04:54,06:11,12:38,16:04,19:05,20:22
جزر الأنتيل الهولندية,151,an,وليمستاد,10660,12.1482150,-68.9431534,47.0,America/Manaus,2026-09-22,05:15,06:23,12:28,15:46,18:34,19:42
جزر الأنتيل الهولندية,151,an,وليمستاد,10660,12.1482150,-68.9431534,47.0,America/Manaus,2026-12-21,05:36,06:50,12:34,15:51,18:18,19:32
جزر الترك وجايكوس,220,tc,كوكبرن تاون,10687,21.4628720,-71.1414642,4.0,America/Barbados,2026-03-20,05:35,06:47,12:52,16:17,18:57,20:10
جزر الترك وجايكوس,220,tc,كوكبرن تاون,10687,21.4628720,-71.1414642,4.0,America/Barbados,2026-06-21,04:38,06:01,12:46,16:06,19:31,20:55
جزر الترك وجايكوس,220,tc,كوكبرن تاون,10687,21.4628720,-71.1414642,4.0,America/Barbados,2026-09-22,05:19,06:32,12:37,16:02,18:42,19:55
جزر الترك وجايكوس,220,tc,كوكبرن تاون,10687,21.4628720,-71.1414642,4.0,America/Barbados,2026-12-21,05:58,07:16,12:43,15:47,18:09,19:27
جزر القمر,48,km,موتسامودو,25618,-12.1667200,44.3994408,263.0,Indian/Comoro,2026-03-20,04:56,06:04,12:10,15:28,18:16,19:24
جزر القمر,48,km,موتسامودو,25618,-12.1667200,44.3994408,263.0,Indian/Comoro,2026-06-21,05:06,06:19,12:04,15:21,17:50,19:02
جزر القمر,48,km,موتسامودو,25618,-12.1667200,44.3994408,263.0,Indian/Comoro,2026-09-22,04:42,05:49,11:55,15:13,18:01,19:09
جزر القمر,48,km,موتسامودو,25618,-12.1667200,44.3994408,263.0,Indian/Comoro,2026-12-21,04:16,05:32,12:00,15:27,18:29,19:45
جزر الكايمن,40,ky,George Town,24287,19.2866000,-81.3743591,0.0,America/Cayman,2026-03-20,05:17,06:28,12:33,15:57,18:38,19:50
جزر الكايمن,40,ky,George Town,24287,19.2866000,-81.3743591,0.0,America/Cayman,2026-06-21,04:25,05:47,12:27,15:50,19:08,20:30
جزر الكايمن,40,ky,George Town,24287,19.2866000,-81.3743591,0.0,America/Cayman,2026-09-22,05:01,06:13,12:18,15:42,18:23,19:34
جزر الكايمن,40,ky,George Town,24287,19.2866000,-81.3743591,0.0,America/Cayman,2026-12-21,05:36,06:53,12:24,15:31,17:54,19:11
جزر المارشال,133,mh,إين,6594,6.9833333,171.6999969,1.0,Pacific/Majuro,2026-03-20,05:29,06:36,12:41,15:53,18:45,19:53
جزر المارشال,133,mh,إين,6594,6.9833333,171.6999969,1.0,Pacific/Majuro,2026-06-21,05:02,06:18,12:35,16:02,18:52,20:07
جزر المارشال,133,mh,إين,6594,6.9833333,171.6999969,1.0,Pacific/Majuro,2026-09-22,05:13,06:21,12:26,15:37,18:31,19:39
جزر المارشال,133,mh,إين,6594,6.9833333,171.6999969,1.0,Pacific/Majuro,2026-12-21,05:24,06:38,12:31,15:53,18:24,19:38
جزر الملديف,130,mv,Male,36067,4.1752100,73.5091629,0.0,Indian/Maldives,2026-03-20,05:01,06:09,12:14,15:21,18:18,19:26
جزر الملديف,130,mv,Male,36067,4.1752100,73.5091629,0.0,Indian/Maldives,2026-06-21,04:41,05:55,12:08,15:35,18:20,19:35
جزر الملديف,130,mv,Male,36067,4.1752100,73.5091629,0.0,Indian/Maldives,2026-09-22,04:47,05:54,11:59,15:06,18:04,19:11
جزر الملديف,130,mv,Male,36067,4.1752100,73.5091629,0.0,Indian/Maldives,2026-12-21,04:53,06:06,12:04,15:28,18:02,19:15
جزر الولايات المتحدة البعيدة الصغيرة,227,um,جزر الولايات المتحدة البعيدة الصغرى,10688,20.6788170,-156.3173523,356.0,Pacific/Midway,2026-03-20,04:16,05:26,11:33,14:57,17:40,18:50
جزر الولايات المتحدة البعيدة الصغيرة,227,um,جزر الولايات المتحدة البعيدة الصغرى,10688,20.6788170,-156.3173523,356.0,Pacific/Midway,2026-06-21,03:21,04:42,11:27,14:48,18:13,19:34
جزر الولايات المتحدة البعيدة الصغيرة,227,um,جزر الولايات المتحدة البعيدة الصغرى,10688,20.6788170,-156.3173523,356.0,Pacific/Midway,2026-09-22,04:01,05:11,11:18,14:42,17:25,18:35
جزر الولايات المتحدة البعيدة الصغيرة,227,um,جزر الولايات المتحدة البعيدة الصغرى,10688,20.6788170,-156.3173523,356.0,Pacific/Midway,2026-12-21,04:38,05:54,11:24,14:29,16:54,18:09
جزر سليمان,195,sb,Honiara,42496,-9.4333300,159.9499969,50.0,Pacific/Guadalcanal,2026-03-20,05:15,06:23,12:28,15:42,18:33,19:41
جزر سليمان,195,sb,Honiara,42496,-9.4333300,159.9499969,50.0,Pacific/Guadalcanal,2026-06-21,05:19,06:33,12:22,15:41,18:11,19:25
جزر سليمان,195,sb,Honiara,42496,-9.4333300,159.9499969,50.0,Pacific/Guadalcanal,2026-09-22,05:01,06:08,12:13,15:28,18:18,19:26
جزر سليمان,195,sb,Honiara,42496,-9.4333300,159.9499969,50.0,Pacific/Guadalcanal,2026-12-21,04:40,05:56,12:18,15:45,18:40,19:56
جزر فارو,70,fo,تورشافن,10636,62.0120460,-6.7807660,46.0,Atlantic/Faroe,2026-03-20,03:52,06:25,12:35,15:38,18:46,21:10
جزر فارو,70,fo,تورشافن,10636,62.0120460,-6.7807660,46.0,Atlantic/Faroe,2026-06-21,إضاءة,03:29,13:29,18:16,23:29,إضاءة
جزر فارو,70,fo,تورشافن,10636,62.0120460,-6.7807660,46.0,Atlantic/Faroe,2026-09-22,04:32,07:07,13:20,16:23,19:31,21:54
جزر فارو,70,fo,تورشافن,10636,62.0120460,-6.7807660,46.0,Atlantic/Faroe,2026-12-21,06:48,09:45,12:25,13:05,15:06,17:54
جزر فرجين الأمريكية,234,vi,شارلوت أمالي,10692,18.3439240,-64.9309387,25.0,America/Antigua,2026-03-20,05:11,06:22,12:27,15:50,18:32,19:43
جزر فرجين الأمريكية,234,vi,شارلوت أمالي,10692,18.3439240,-64.9309387,25.0,America/Antigua,2026-06-21,04:22,05:43,12:22,15:45,19:00,20:21
جزر فرجين الأمريكية,234,vi,شارلوت أمالي,10692,18.3439240,-64.9309387,25.0,America/Antigua,2026-09-22,04:56,06:07,12:12,15:35,18:18,19:28
جزر فرجين الأمريكية,234,vi,شارلوت أمالي,10692,18.3439240,-64.9309387,25.0,America/Antigua,2026-12-21,05:29,06:45,12:18,15:27,17:51,19:07
جزر فرجين البريطانية,233,vg,رود تاون,10691,18.4321820,-64.6165390,124.0,America/Antigua,2026-03-20,05:10,06:20,12:26,15:49,18:32,19:42
جزر فرجين البريطانية,233,vg,رود تاون,10691,18.4321820,-64.6165390,124.0,America/Antigua,2026-06-21,04:20,05:41,12:20,15:43,19:00,20:20
جزر فرجين البريطانية,233,vg,رود تاون,10691,18.4321820,-64.6165390,124.0,America/Antigua,2026-09-22,04:55,06:05,12:11,15:34,18:17,19:27
جزر فرجين البريطانية,233,vg,رود تاون,10691,18.4321820,-64.6165390,124.0,America/Antigua,2026-12-21,05:28,06:43,12:17,15:25,17:50,19:05
جزر فوكلاند,69,fk,ستانلي,10635,-51.6982090,-57.8388977,42.0,Atlantic/Stanley,2026-03-20,04:59,06:50,12:59,16:16,19:06,20:50
جزر فوكلاند,69,fk,ستانلي,10635,-51.6982090,-57.8388977,42.0,Atlantic/Stanley,2026-06-21,06:54,08:56,12:53,14:32,16:51,18:45
جزر فوكلاند,69,fk,ستانلي,10635,-51.6982090,-57.8388977,42.0,Atlantic/Stanley,2026-09-22,04:46,06:37,12:44,16:02,18:52,20:36
جزر فوكلاند,69,fk,ستانلي,10635,-51.6982090,-57.8388977,42.0,Atlantic/Stanley,2026-12-21,إضاءة,04:25,12:50,17:13,21:14,إضاءة
جزر كوك,51,ck,منطقة أفاروا,10630,-21.2203360,-159.7902679,182.0,Pacific/Tahiti,2026-03-20,05:29,06:40,12:47,16:11,18:52,20:03
جزر كوك,51,ck,منطقة أفاروا,10630,-21.2203360,-159.7902679,182.0,Pacific/Tahiti,2026-06-21,05:57,07:13,12:41,15:46,18:09,19:26
جزر كوك,51,ck,منطقة أفاروا,10630,-21.2203360,-159.7902679,182.0,Pacific/Tahiti,2026-09-22,05:15,06:26,12:32,15:57,18:38,19:49
جزر كوك,51,ck,منطقة أفاروا,10630,-21.2203360,-159.7902679,182.0,Pacific/Tahiti,2026-12-21,04:29,05:52,12:37,15:58,19:23,20:46
جزر كوكوس,46,cc,الجزيرة الغربية,10627,-12.1465250,96.8218079,11.0,Indian/Cocos,2026-03-20,04:56,06:05,12:10,15:28,18:15,19:24
جزر كوكوس,46,cc,الجزيرة الغربية,10627,-12.1465250,96.8218079,11.0,Indian/Cocos,2026-06-21,05:06,06:21,12:05,15:21,17:49,19:03
جزر كوكوس,46,cc,الجزيرة الغربية,10627,-12.1465250,96.8218079,11.0,Indian/Cocos,2026-09-22,04:42,05:51,11:56,15:14,18:00,19:09
جزر كوكوس,46,cc,الجزيرة الغربية,10627,-12.1465250,96.8218079,11.0,Indian/Cocos,2026-12-21,04:17,05:34,12:01,15:27,18:28,19:45
جزر ماريانا الشمالية,159,mp,سايبان,10664,15.1880500,145.7332611,292.0,Pacific/Saipan,2026-03-20,05:10,06:19,12:25,15:46,18:31,19:39
جزر ماريانا الشمالية,159,mp,سايبان,10664,15.1880500,145.7332611,292.0,Pacific/Saipan,2026-06-21,04:28,05:45,12:19,15:44,18:53,20:10
جزر ماريانا الشمالية,159,mp,سايبان,10664,15.1880500,145.7332611,292.0,Pacific/Saipan,2026-09-22,04:55,06:03,12:10,15:30,18:17,19:25
جزر ماريانا الشمالية,159,mp,سايبان,10664,15.1880500,145.7332611,292.0,Pacific/Saipan,2026-12-21,05:21,06:35,12:15,15:28,17:55,19:09
جزر والس وفوتونا,235,wf,ماتا أوتو,10693,-13.2821650,-176.1770630,12.0,Pacific/Wallis,2026-03-20,04:38,05:47,11:52,-----,17:57,19:06
جزر والس وفوتونا,235,wf,ماتا أوتو,10693,-13.2821650,-176.1770630,12.0,Pacific/Wallis,2026-06-21,04:50,06:04,11:47,-----,17:28,18:43
جزر والس وفوتونا,235,wf,ماتا أوتو,10693,-13.2821650,-176.1770630,12.0,Pacific/Wallis,2026-09-22,04:24,05:33,11:37,-----,17:42,18:51
جزر والس وفوتونا,235,wf,ماتا أوتو,10693,-13.2821650,-176.1770630,12.0,Pacific/Wallis,2026-12-21,03:56,05:13,11:43,-----,18:12,19:29
جزيرة الكريسماس,45,cx,كوف السمك الطائر,10626,-10.4326300,105.6755753,282.0,Asia/Jakarta,2026-03-20,04:51,05:58,12:05,15:21,18:11,19:18
جزيرة الكريسماس,45,cx,كوف السمك الطائر,10626,-10.4326300,105.6755753,282.0,Asia/Jakarta,2026-06-21,04:58,06:11,11:59,15:17,17:48,19:00
جزيرة الكريسماس,45,cx,كوف السمك الطائر,10626,-10.4326300,105.6755753,282.0,Asia/Jakarta,2026-09-22,04:37,05:44,11:50,15:06,17:56,19:03
جزيرة الكريسماس,45,cx,كوف السمك الطائر,10626,-10.4326300,105.6755753,282.0,Asia/Jakarta,2026-12-21,04:15,05:30,11:55,15:22,18:21,19:35
جزيرة بوفيه,29,bv,جزيرة بوفيت,10621,-54.4286840,3.3568320,493.0,Europe/Oslo,2026-03-20,04:45,06:41,12:54,16:08,19:06,20:54
جزيرة بوفيه,29,bv,جزيرة بوفيت,10621,-54.4286840,3.3568320,493.0,Europe/Oslo,2026-06-21,07:55,10:02,13:48,15:14,17:35,19:35
جزيرة بوفيه,29,bv,جزيرة بوفيت,10621,-54.4286840,3.3568320,493.0,Europe/Oslo,2026-09-22,05:33,07:29,13:39,16:53,19:51,21:39
جزيرة بوفيه,29,bv,جزيرة بوفيت,10621,-54.4286840,3.3568320,493.0,Europe/Oslo,2026-12-21,إضاءة,03:58,12:45,17:14,21:31,إضاءة
جزيرة نورفوك,158,nf,كينغستون,10663,-29.0535990,167.9578400,47.0,Pacific/Norfolk,2026-03-20,05:32,06:49,12:56,16:23,19:02,20:19
جزيرة نورفوك,158,nf,كينغستون,10663,-29.0535990,167.9578400,47.0,Pacific/Norfolk,2026-06-21,05:17,06:39,11:50,14:40,17:01,18:23
جزيرة نورفوك,158,nf,كينغستون,10663,-29.0535990,167.9578400,47.0,Pacific/Norfolk,2026-09-22,04:20,05:36,11:41,15:08,17:46,19:03
جزيرة نورفوك,158,nf,كينغستون,10663,-29.0535990,167.9578400,47.0,Pacific/Norfolk,2026-12-21,04:11,05:44,12:46,16:19,19:48,21:21
جزيرة هيرد وماكدونالد,93,hm,قلب الجزيرة وجزر ماكدونالز,10646,-53.0877420,73.5533524,1974.0,Asia/Aqtau,2026-03-20,04:08,05:55,12:13,15:29,18:31,20:10
جزيرة هيرد وماكدونالد,93,hm,قلب الجزيرة وجزر ماكدونالز,10646,-53.0877420,73.5533524,1974.0,Asia/Aqtau,2026-06-21,06:11,08:06,12:08,13:40,16:09,17:57
جزيرة هيرد وماكدونالد,93,hm,قلب الجزيرة وجزر ماكدونالز,10646,-53.0877420,73.5533524,1974.0,Asia/Aqtau,2026-09-22,03:57,05:43,11:59,15:14,18:15,19:54
جزيرة هيرد وماكدونالد,93,hm,قلب الجزيرة وجزر ماكدونالز,10646,-53.0877420,73.5533524,1974.0,Asia/Aqtau,2026-12-21,إضاءة,03:19,12:04,16:30,20:49,إضاءة
جمهورية افريقيا الوسطى,41,cf,Bambari,24297,5.7679500,20.6756496,451.0,Africa/Bangui,2026-03-20,04:33,05:38,11:45,14:55,17:52,18:57
جمهورية افريقيا الوسطى,41,cf,Bambari,24297,5.7679500,20.6756496,451.0,Africa/Bangui,2026-06-21,04:09,05:22,11:39,15:07,17:57,19:09
جمهورية افريقيا الوسطى,41,cf,Bambari,24297,5.7679500,20.6756496,451.0,Africa/Bangui,2026-09-22,04:18,05:23,11:30,14:40,17:37,18:42
جمهورية افريقيا الوسطى,41,cf,Bambari,24297,5.7679500,20.6756496,451.0,Africa/Bangui,2026-12-21,04:27,05:38,11:35,14:58,17:33,18:44
جمهورية التشيك,57,cz,Benešov,25907,49.7816200,14.6869698,375.0,Europe/Prague,2026-03-20,04:15,05:59,12:09,15:28,18:19,19:57
جمهورية التشيك,57,cz,Benešov,25907,49.7816200,14.6869698,375.0,Europe/Prague,2026-06-21,إضاءة,04:47,13:03,17:22,21:20,إضاءة
جمهورية التشيك,57,cz,Benešov,25907,49.7816200,14.6869698,375.0,Europe/Prague,2026-09-22,04:58,06:43,12:54,16:14,19:05,20:42
جمهورية التشيك,57,cz,Benešov,25907,49.7816200,14.6869698,375.0,Europe/Prague,2026-12-21,05:57,07:50,11:59,13:47,16:09,17:55
جمهورية الدومينيك,61,do,Azua,26014,18.4531900,-70.7349014,52.0,America/Santo_Domingo,2026-03-20,05:35,06:45,12:50,16:14,18:56,20:07
جمهورية الدومينيك,61,do,Azua,26014,18.4531900,-70.7349014,52.0,America/Santo_Domingo,2026-06-21,04:45,06:06,12:45,16:08,19:24,20:45
جمهورية الدومينيك,61,do,Azua,26014,18.4531900,-70.7349014,52.0,America/Santo_Domingo,2026-09-22,05:19,06:30,12:36,15:59,18:41,19:52
جمهورية الدومينيك,61,do,Azua,26014,18.4531900,-70.7349014,52.0,America/Santo_Domingo,2026-12-21,05:52,07:08,12:41,15:50,18:14,19:30
جمهورية الكونغو الديمقراطية,50,cd,كينشاسا,10629,-4.3992370,15.3206739,371.0,Africa/Kinshasa,2026-03-20,04:54,06:00,12:06,15:14,18:13,19:18
جمهورية الكونغو الديمقراطية,50,cd,كينشاسا,10629,-4.3992370,15.3206739,371.0,Africa/Kinshasa,2026-06-21,04:50,06:01,12:01,15:24,18:00,19:12
جمهورية الكونغو الديمقراطية,50,cd,كينشاسا,10629,-4.3992370,15.3206739,371.0,Africa/Kinshasa,2026-09-22,04:39,05:45,11:51,15:00,17:58,19:04
جمهورية الكونغو الديمقراطية,50,cd,كينشاسا,10629,-4.3992370,15.3206739,371.0,Africa/Kinshasa,2026-12-21,04:30,05:42,11:57,15:24,18:12,19:24
جمهورية جنوب افريقيا,197,za,Alberton,42566,-26.2678600,28.1222496,1619.0,Africa/Johannesburg,2026-03-20,04:54,06:04,12:15,15:42,18:26,19:35
جمهورية جنوب افريقيا,197,za,Alberton,42566,-26.2678600,28.1222496,1619.0,Africa/Johannesburg,2026-06-21,05:32,06:47,12:09,15:05,17:32,18:47
جمهورية جنوب افريقيا,197,za,Alberton,42566,-26.2678600,28.1222496,1619.0,Africa/Johannesburg,2026-09-22,04:40,05:50,12:00,15:27,18:11,19:21
جمهورية جنوب افريقيا,197,za,Alberton,42566,-26.2678600,28.1222496,1619.0,Africa/Johannesburg,2026-12-21,03:41,05:04,12:06,15:31,19:07,20:30
جنوب السودان,241,ss,باجاك,20345,3.8651200,32.4821205,825.0,Africa/Juba,2026-03-20,04:46,05:50,11:58,15:05,18:05,19:10
جنوب السودان,241,ss,باجاك,20345,3.8651200,32.4821205,825.0,Africa/Juba,2026-06-21,04:26,05:37,11:52,15:19,18:07,19:18
جنوب السودان,241,ss,باجاك,20345,3.8651200,32.4821205,825.0,Africa/Juba,2026-09-22,04:31,05:35,11:43,14:50,17:51,18:55
جنوب السودان,241,ss,باجاك,20345,3.8651200,32.4821205,825.0,Africa/Juba,2026-12-21,04:36,05:46,11:48,15:12,17:50,19:00
جواتيمالا,88,gt,Alotenango,29835,14.4858500,-90.8043671,1451.5,America/Guatemala,2026-03-20,04:56,06:01,12:11,15:31,18:20,19:25
جواتيمالا,88,gt,Alotenango,29835,14.4858500,-90.8043671,1451.5,America/Guatemala,2026-06-21,04:16,05:29,12:05,15:31,18:41,19:55
جواتيمالا,88,gt,Alotenango,29835,14.4858500,-90.8043671,1451.5,America/Guatemala,2026-09-22,04:41,05:46,11:56,15:16,18:05,19:10
جواتيمالا,88,gt,Alotenango,29835,14.4858500,-90.8043671,1451.5,America/Guatemala,2026-12-21,05:07,06:17,12:01,15:15,17:46,18:56
جوادلوب,86,gp,باس تيري,10642,16.0125660,-61.7065582,286.0,America/Guadeloupe,2026-03-20,04:59,06:08,12:14,15:36,18:21,19:29
جوادلوب,86,gp,باس تيري,10642,16.0125660,-61.7065582,286.0,America/Guadeloupe,2026-06-21,04:15,05:33,12:09,15:34,18:44,20:02
جوادلوب,86,gp,باس تيري,10642,16.0125660,-61.7065582,286.0,America/Guadeloupe,2026-09-22,04:44,05:53,12:00,15:21,18:06,19:14
جوادلوب,86,gp,باس تيري,10642,16.0125660,-61.7065582,286.0,America/Guadeloupe,2026-12-21,05:13,06:26,12:05,15:17,17:44,18:57
جوام,87,gu,هاجتنا,10643,13.4745610,144.7408295,56.0,Pacific/Guam,2026-03-20,05:15,06:24,12:29,15:48,18:34,19:43
جوام,87,gu,هاجتنا,10643,13.4745610,144.7408295,56.0,Pacific/Guam,2026-06-21,04:36,05:53,12:23,15:49,18:52,20:10
جوام,87,gu,هاجتنا,10643,13.4745610,144.7408295,56.0,Pacific/Guam,2026-09-22,04:59,06:08,12:14,15:33,18:19,19:28
جوام,87,gu,هاجتنا,10643,13.4745610,144.7408295,56.0,Pacific/Guam,2026-12-21,05:23,06:37,12:19,15:34,18:01,19:15
جورجيا,79,ge,Akhaltsikhe,28573,41.6390100,42.9826202,1044.0,Asia/Tbilisi,2026-03-20,05:39,07:05,13:16,16:41,19:27,20:48
جورجيا,79,ge,Akhaltsikhe,28573,41.6390100,42.9826202,1044.0,Asia/Tbilisi,2026-06-21,03:23,05:26,13:10,17:12,20:54,22:47
جورجيا,79,ge,Akhaltsikhe,28573,41.6390100,42.9826202,1044.0,Asia/Tbilisi,2026-09-22,05:22,06:48,13:01,16:26,19:13,20:33
جورجيا,79,ge,Akhaltsikhe,28573,41.6390100,42.9826202,1044.0,Asia/Tbilisi,2026-12-21,06:51,08:24,13:06,15:24,17:49,19:16
جورجيا الجنوبية وجزر ساندويتش الجنوبية,198,gs,نقطة الملك إدوارد,10680,-54.2831350,-36.4947662,2.0,Atlantic/South_Georgia,2026-03-20,04:25,06:25,12:33,15:48,18:41,20:33
جورجيا الجنوبية وجزر ساندويتش الجنوبية,198,gs,نقطة الملك إدوارد,10680,-54.2831350,-36.4947662,2.0,Atlantic/South_Georgia,2026-06-21,06:34,08:45,12:28,13:54,16:11,18:15
جورجيا الجنوبية وجزر ساندويتش الجنوبية,198,gs,نقطة الملك إدوارد,10680,-54.2831350,-36.4947662,2.0,Atlantic/South_Georgia,2026-09-22,04:13,06:12,12:19,15:33,18:26,20:19
جورجيا الجنوبية وجزر ساندويتش الجنوبية,198,gs,نقطة الملك إدوارد,10680,-54.2831350,-36.4947662,2.0,Atlantic/South_Georgia,2026-12-21,إضاءة,03:44,12:24,16:53,21:04,إضاءة
جيبوتي,59,dj,الدخيل,3138,11.1086111,42.3738899,562.0,Africa/Djibouti,2026-03-20,05:05,06:11,12:18,15:35,18:25,19:31
جيبوتي,59,dj,الدخيل,3138,11.1086111,42.3738899,562.0,Africa/Djibouti,2026-06-21,04:31,05:45,12:12,15:39,18:40,19:54
جيبوتي,59,dj,الدخيل,3138,11.1086111,42.3738899,562.0,Africa/Djibouti,2026-09-22,04:50,05:56,12:03,15:20,18:11,19:17
جيبوتي,59,dj,الدخيل,3138,11.1086111,42.3738899,562.0,Africa/Djibouti,2026-12-21,05:09,06:20,12:09,15:26,17:57,19:09
دومينيكا,60,dm,روسو,10632,15.3141930,-61.3835106,38.0,America/Dominica,2026-03-20,04:58,06:08,12:13,15:34,18:18,19:28
دومينيكا,60,dm,روسو,10632,15.3141930,-61.3835106,38.0,America/Dominica,2026-06-21,04:16,05:34,12:07,15:33,18:40,19:59
دومينيكا,60,dm,روسو,10632,15.3141930,-61.3835106,38.0,America/Dominica,2026-09-22,04:43,05:53,11:58,15:19,18:03,19:13
دومينيكا,60,dm,روسو,10632,15.3141930,-61.3835106,38.0,America/Dominica,2026-12-21,05:10,06:25,12:04,15:17,17:42,18:57
رواندا,178,rw,كيغالي,10668,-1.8916770,30.1135006,1413.0,Africa/Kigali,2026-03-20,04:55,05:58,12:07,15:11,18:16,19:19
رواندا,178,rw,كيغالي,10668,-1.8916770,30.1135006,1413.0,Africa/Kigali,2026-06-21,04:46,05:55,12:01,15:26,18:08,19:17
رواندا,178,rw,كيغالي,10668,-1.8916770,30.1135006,1413.0,Africa/Kigali,2026-09-22,04:40,05:43,11:52,14:56,18:01,19:04
رواندا,178,rw,كيغالي,10668,-1.8916770,30.1135006,1413.0,Africa/Kigali,2026-12-21,04:35,05:44,11:58,15:24,18:11,19:20
روسيا,177,ru,Abakan,41448,53.7155600,91.4291687,245.0,Asia/Krasnoyarsk,2026-03-20,04:58,06:53,13:02,16:17,19:12,21:00
روسيا,177,ru,Abakan,41448,53.7155600,91.4291687,245.0,Asia/Krasnoyarsk,2026-06-21,إضاءة,04:17,12:56,17:24,21:35,إضاءة
روسيا,177,ru,Abakan,41448,53.7155600,91.4291687,245.0,Asia/Krasnoyarsk,2026-09-22,04:39,06:35,12:47,16:03,18:58,20:46
روسيا,177,ru,Abakan,41448,53.7155600,91.4291687,245.0,Asia/Krasnoyarsk,2026-12-21,06:57,09:03,12:52,14:21,16:41,18:40
روسيا البيضاء,20,by,Asipovichy,21352,53.3011000,28.6385994,159.0,Europe/Minsk,2026-03-20,05:10,07:05,13:13,16:29,19:23,21:10
روسيا البيضاء,20,by,Asipovichy,21352,53.3011000,28.6385994,159.0,Europe/Minsk,2026-06-21,إضاءة,04:32,13:07,17:34,21:43,إضاءة
روسيا البيضاء,20,by,Asipovichy,21352,53.3011000,28.6385994,159.0,Europe/Minsk,2026-09-22,04:52,06:47,12:58,16:15,19:08,20:56
روسيا البيضاء,20,by,Asipovichy,21352,53.3011000,28.6385994,159.0,Europe/Minsk,2026-12-21,07:08,09:13,13:04,14:35,16:54,18:53
رومانيا,176,ro,Adjud,39294,46.1000000,27.1666698,99.0,Europe/Bucharest,2026-03-20,04:34,06:12,12:19,15:41,18:27,19:59
رومانيا,176,ro,Adjud,39294,46.1000000,27.1666698,99.0,Europe/Bucharest,2026-06-21,02:35,05:17,13:13,17:25,21:10,23:35
رومانيا,176,ro,Adjud,39294,46.1000000,27.1666698,99.0,Europe/Bucharest,2026-09-22,05:17,06:55,13:04,16:27,19:12,20:44
رومانيا,176,ro,Adjud,39294,46.1000000,27.1666698,99.0,Europe/Bucharest,2026-12-21,06:01,07:47,12:09,14:11,16:32,18:12
روينيون,175,re,La Possession,39185,-20.9290900,55.3348007,273.0,Indian/Reunion,2026-03-20,05:09,06:19,12:26,15:51,18:33,19:43
روينيون,175,re,La Possession,39185,-20.9290900,55.3348007,273.0,Indian/Reunion,2026-06-21,05:35,06:51,12:20,15:25,17:50,19:05
روينيون,175,re,La Possession,39185,-20.9290900,55.3348007,273.0,Indian/Reunion,2026-09-22,04:55,06:06,12:11,15:36,18:18,19:28
روينيون,175,re,La Possession,39185,-20.9290900,55.3348007,273.0,Indian/Reunion,2026-12-21,04:09,05:31,12:17,15:37,19:02,20:24
زامبيا,238,zm,Chililabombwe,49864,-12.3647500,27.8228607,1301.0,Africa/Lusaka,2026-03-20,05:02,06:07,12:16,15:34,18:25,19:30
زامبيا,238,zm,Chililabombwe,49864,-12.3647500,27.8228607,1301.0,Africa/Lusaka,2026-06-21,05:13,06:22,12:11,15:27,17:59,19:08
زامبيا,238,zm,Chililabombwe,49864,-12.3647500,27.8228607,1301.0,Africa/Lusaka,2026-09-22,04:48,05:53,12:01,15:20,18:10,19:15
زامبيا,238,zm,Chililabombwe,49864,-12.3647500,27.8228607,1301.0,Africa/Lusaka,2026-12-21,04:22,05:35,12:07,15:33,18:39,19:51
زيمبابوي,239,zw,Beitbridge,49889,-22.2166700,30.0000000,456.0,Africa/Harare,2026-03-20,04:49,06:00,12:08,15:33,18:15,19:25
زيمبابوي,239,zw,Beitbridge,49889,-22.2166700,30.0000000,456.0,Africa/Harare,2026-06-21,05:19,06:35,12:02,15:05,17:29,18:45
زيمبابوي,239,zw,Beitbridge,49889,-22.2166700,30.0000000,456.0,Africa/Harare,2026-09-22,04:35,05:46,11:53,15:18,18:00,19:10
زيمبابوي,239,zw,Beitbridge,49889,-22.2166700,30.0000000,456.0,Africa/Harare,2026-12-21,03:47,05:09,11:58,15:17,18:47,20:09
ساحل العاج,53,ci,Abengourou,25641,6.7297200,-3.4963901,196.0,Africa/Abidjan,2026-03-20,05:09,06:16,12:21,15:33,18:27,19:34
ساحل العاج,53,ci,Abengourou,25641,6.7297200,-3.4963901,196.0,Africa/Abidjan,2026-06-21,04:44,05:58,12:16,15:43,18:34,19:48
ساحل العاج,53,ci,Abengourou,25641,6.7297200,-3.4963901,196.0,Africa/Abidjan,2026-09-22,04:54,06:01,12:07,15:18,18:13,19:19
ساحل العاج,53,ci,Abengourou,25641,6.7297200,-3.4963901,196.0,Africa/Abidjan,2026-12-21,05:05,06:17,12:12,15:34,18:07,19:19
ساموا,184,ws,Apia,42400,-13.8333300,-171.7666626,0.0,Pacific/Apia,2026-03-20,05:20,06:30,12:34,-----,18:40,19:49
ساموا,184,ws,Apia,42400,-13.8333300,-171.7666626,0.0,Pacific/Apia,2026-06-21,05:33,06:48,12:29,-----,18:10,19:24
ساموا,184,ws,Apia,42400,-13.8333300,-171.7666626,0.0,Pacific/Apia,2026-09-22,05:06,06:16,12:20,-----,18:24,19:34
ساموا,184,ws,Apia,42400,-13.8333300,-171.7666626,0.0,Pacific/Apia,2026-12-21,04:37,05:55,12:25,-----,18:55,20:13
ساموا الأمريكية,4,as,باجو باجو,10614,-14.2761400,-170.7050476,19.0,Pacific/Pago_Pago,2026-03-20,05:16,06:25,12:30,15:50,18:35,19:44
ساموا الأمريكية,4,as,باجو باجو,10614,-14.2761400,-170.7050476,19.0,Pacific/Pago_Pago,2026-06-21,05:30,06:45,12:25,15:39,18:05,19:20
ساموا الأمريكية,4,as,باجو باجو,10614,-14.2761400,-170.7050476,19.0,Pacific/Pago_Pago,2026-09-22,05:01,06:11,12:15,15:35,18:20,19:30
ساموا الأمريكية,4,as,باجو باجو,10614,-14.2761400,-170.7050476,19.0,Pacific/Pago_Pago,2026-12-21,04:32,05:50,12:21,15:47,18:52,20:10
سان مارينو,185,sm,سان مارينو,10673,43.9366390,12.4446678,636.0,Europe/San_Marino,2026-03-20,04:37,06:08,12:18,15:42,18:28,19:54
سان مارينو,185,sm,سان مارينو,10673,43.9366390,12.4446678,636.0,Europe/San_Marino,2026-06-21,03:03,05:21,13:12,17:19,21:03,23:10
سان مارينو,185,sm,سان مارينو,10673,43.9366390,12.4446678,636.0,Europe/San_Marino,2026-09-22,05:20,06:52,13:03,16:27,19:14,20:39
سان مارينو,185,sm,سان مارينو,10673,43.9366390,12.4446678,636.0,Europe/San_Marino,2026-12-21,05:57,07:35,12:08,14:18,16:42,18:14
سانت بيير وميكولون,182,pm,سان بيير,10671,46.7740820,-56.1859703,30.0,America/Miquelon,2026-03-20,06:06,07:45,13:52,17:15,20:00,21:34
سانت بيير وميكولون,182,pm,سان بيير,10671,46.7740820,-56.1859703,30.0,America/Miquelon,2026-06-21,02:57,05:48,13:47,18:00,21:46,00:18
سانت بيير وميكولون,182,pm,سان بيير,10671,46.7740820,-56.1859703,30.0,America/Miquelon,2026-09-22,05:49,07:29,13:37,16:59,19:45,21:18
سانت بيير وميكولون,182,pm,سان بيير,10671,46.7740820,-56.1859703,30.0,America/Miquelon,2026-12-21,06:36,08:24,12:43,14:42,17:02,18:44
سانت فنسنت وغرنادين,183,vc,كينغستاون,10672,13.1600380,-61.2244034,31.0,America/St_Vincent,2026-03-20,04:59,06:07,12:12,15:31,18:17,19:26
سانت فنسنت وغرنادين,183,vc,كينغستاون,10672,13.1600380,-61.2244034,31.0,America/St_Vincent,2026-06-21,04:20,05:38,12:07,15:33,18:36,19:53
سانت فنسنت وغرنادين,183,vc,كينغستاون,10672,13.1600380,-61.2244034,31.0,America/St_Vincent,2026-09-22,04:43,05:52,11:58,15:16,18:03,19:12
سانت فنسنت وغرنادين,183,vc,كينغستاون,10672,13.1600380,-61.2244034,31.0,America/St_Vincent,2026-12-21,05:06,06:21,12:03,15:19,17:46,19:00
سانت كيتس ونيفيس,180,kn,Basseterre,42399,17.2955000,-62.7249908,94.5,America/St_Kitts,2026-03-20,05:03,06:13,12:18,15:41,18:24,19:34
سانت كيتس ونيفيس,180,kn,Basseterre,42399,17.2955000,-62.7249908,94.5,America/St_Kitts,2026-06-21,04:16,05:36,12:13,15:37,18:50,20:10
سانت كيتس ونيفيس,180,kn,Basseterre,42399,17.2955000,-62.7249908,94.5,America/St_Kitts,2026-09-22,04:48,05:58,12:04,15:26,18:09,19:19
سانت كيتس ونيفيس,180,kn,Basseterre,42399,17.2955000,-62.7249908,94.5,America/St_Kitts,2026-12-21,05:19,06:34,12:09,15:19,17:44,19:00
سانت لوسيا,181,lc,كاستريس,10670,14.0090880,-60.9877777,8.0,America/St_Lucia,2026-03-20,04:57,06:07,12:11,15:31,18:16,19:26
سانت لوسيا,181,lc,كاستريس,10670,14.0090880,-60.9877777,8.0,America/St_Lucia,2026-06-21,04:17,05:36,12:06,15:32,18:36,19:54
سانت لوسيا,181,lc,كاستريس,10670,14.0090880,-60.9877777,8.0,America/St_Lucia,2026-09-22,04:42,05:52,11:57,15:16,18:02,19:11
سانت لوسيا,181,lc,كاستريس,10670,14.0090880,-60.9877777,8.0,America/St_Lucia,2026-12-21,05:07,06:21,12:02,15:17,17:43,18:58
سانت هيلنا,179,sh,جيمستاون,10669,-15.9267880,-5.7173080,30.0,Atlantic/St_Helena,2026-03-20,05:15,06:25,12:30,15:52,18:35,19:45
سانت هيلنا,179,sh,جيمستاون,10669,-15.9267880,-5.7173080,30.0,Atlantic/St_Helena,2026-06-21,05:32,06:47,12:25,15:37,18:02,19:17
سانت هيلنا,179,sh,جيمستاون,10669,-15.9267880,-5.7173080,30.0,Atlantic/St_Helena,2026-09-22,05:01,06:11,12:16,15:37,18:21,19:30
سانت هيلنا,179,sh,جيمستاون,10669,-15.9267880,-5.7173080,30.0,Atlantic/St_Helena,2026-12-21,04:28,05:47,12:21,15:46,18:55,20:14
ساو تومي وبرينسيبي,186,st,ساو تومي,8602,0.3333333,6.7333331,137.0,Africa/Sao_Tome,2026-03-20,04:29,05:35,11:41,14:41,17:46,18:52
ساو تومي وبرينسيبي,186,st,ساو تومي,8602,0.3333333,6.7333331,137.0,Africa/Sao_Tome,2026-06-21,04:16,05:28,11:35,15:01,17:42,18:54
ساو تومي وبرينسيبي,186,st,ساو تومي,8602,0.3333333,6.7333331,137.0,Africa/Sao_Tome,2026-09-22,04:14,05:20,11:26,14:26,17:31,18:38
ساو تومي وبرينسيبي,186,st,ساو تومي,8602,0.3333333,6.7333331,137.0,Africa/Sao_Tome,2026-12-21,04:13,05:26,11:31,14:57,17:37,18:49
سريلانكا,200,lk,Ambalangoda,46356,6.2355000,80.0538025,7.0,Asia/Colombo,2026-03-20,05:05,06:13,12:17,15:28,18:22,19:30
سريلانكا,200,lk,Ambalangoda,46356,6.2355000,80.0538025,7.0,Asia/Colombo,2026-06-21,04:41,05:55,12:12,15:39,18:28,19:43
سريلانكا,200,lk,Ambalangoda,46356,6.2355000,80.0538025,7.0,Asia/Colombo,2026-09-22,04:50,05:58,12:03,15:13,18:07,19:15
سريلانكا,200,lk,Ambalangoda,46356,6.2355000,80.0538025,7.0,Asia/Colombo,2026-12-21,05:00,06:13,12:08,15:30,18:02,19:16
سفالبارد وجان مايان,203,sj,سفالبارد وجان ماين,10681,79.0929710,17.2585793,899.0,Europe/Andorra,2026-03-20,إضاءة,05:19,11:58,14:11,18:42,إضاءة
سفالبارد وجان مايان,203,sj,سفالبارد وجان ماين,10681,79.0929710,17.2585793,899.0,Europe/Andorra,2026-06-21,إضاءة,فوق,12:53,19:13,فوق,إضاءة
سفالبارد وجان مايان,203,sj,سفالبارد وجان ماين,10681,79.0929710,17.2585793,899.0,Europe/Andorra,2026-09-22,إضاءة,05:54,12:44,14:56,19:29,إضاءة
سفالبارد وجان مايان,203,sj,سفالبارد وجان ماين,10681,79.0929710,17.2585793,899.0,Europe/Andorra,2026-12-21,07:41,تحت,تحت,تحت,تحت,15:31
سلوفاكيا,193,sk,Bánovce nad Bebravou,42484,48.7213000,18.2575397,226.0,Europe/Bratislava,2026-03-20,04:04,05:46,11:54,15:15,18:04,19:40
سلوفاكيا,193,sk,Bánovce nad Bebravou,42484,48.7213000,18.2575397,226.0,Europe/Bratislava,2026-06-21,إضاءة,04:39,12:49,17:06,20:59,23:59
سلوفاكيا,193,sk,Bánovce nad Bebravou,42484,48.7213000,18.2575397,226.0,Europe/Bratislava,2026-09-22,04:46,06:29,12:40,16:00,18:49,20:25
سلوفاكيا,193,sk,Bánovce nad Bebravou,42484,48.7213000,18.2575397,226.0,Europe/Bratislava,2026-12-21,05:41,07:32,11:45,13:37,15:58,17:43
سلوفينيا,194,si,Celje,42489,46.2309200,15.2604399,244.0,Europe/Ljubljana,2026-03-20,04:21,05:58,12:06,15:29,18:15,19:47
سلوفينيا,194,si,Celje,42489,46.2309200,15.2604399,244.0,Europe/Ljubljana,2026-06-21,02:21,05:02,13:01,17:13,20:59,23:25
سلوفينيا,194,si,Celje,42489,46.2309200,15.2604399,244.0,Europe/Ljubljana,2026-09-22,05:04,06:42,12:52,16:14,19:01,20:32
سلوفينيا,194,si,Celje,42489,46.2309200,15.2604399,244.0,Europe/Ljubljana,2026-12-21,05:49,07:34,11:57,13:59,16:20,17:59
سنغافورة,192,sg,Singapore,42433,1.2896700,103.8500671,3.0,Asia/Singapore,2026-03-20,06:00,07:08,13:12,16:15,19:17,20:24
سنغافورة,192,sg,Singapore,42433,1.2896700,103.8500671,3.0,Asia/Singapore,2026-06-21,05:45,06:59,13:06,16:33,19:14,20:28
سنغافورة,192,sg,Singapore,42433,1.2896700,103.8500671,3.0,Asia/Singapore,2026-09-22,05:45,06:53,12:57,15:59,19:02,20:09
سنغافورة,192,sg,Singapore,42433,1.2896700,103.8500671,3.0,Asia/Singapore,2026-12-21,05:46,06:59,13:03,16:28,19:06,20:19
سوازيلاند,204,sz,Lobamba,46366,-26.4666700,31.2000008,722.0,Africa/Mbabane,2026-03-20,04:42,05:54,12:03,15:29,18:11,19:23
سوازيلاند,204,sz,Lobamba,46366,-26.4666700,31.2000008,722.0,Africa/Mbabane,2026-06-21,05:20,06:37,11:57,14:52,17:17,18:34
سوازيلاند,204,sz,Lobamba,46366,-26.4666700,31.2000008,722.0,Africa/Mbabane,2026-09-22,04:28,05:40,11:48,15:15,17:56,19:08
سوازيلاند,204,sz,Lobamba,46366,-26.4666700,31.2000008,722.0,Africa/Mbabane,2026-12-21,03:28,04:54,11:53,15:19,18:53,20:19
سوريا,207,sy,ابو كمال,9480,34.4500000,40.9186096,175.0,Asia/Damascus,2026-03-20,04:57,06:20,12:24,15:51,18:30,19:47
سوريا,207,sy,ابو كمال,9480,34.4500000,40.9186096,175.0,Asia/Damascus,2026-06-21,03:19,05:04,12:18,16:05,19:34,21:11
سوريا,207,sy,ابو كمال,9480,34.4500000,40.9186096,175.0,Asia/Damascus,2026-09-22,04:40,06:04,12:09,15:36,18:15,19:32
سوريا,207,sy,ابو كمال,9480,34.4500000,40.9186096,175.0,Asia/Damascus,2026-12-21,05:49,07:19,12:14,14:52,17:12,18:35
سورينام,202,sr,Lelydorp,46363,5.7000000,-55.2333298,9.0,America/Paramaribo,2026-03-20,05:36,06:44,12:48,15:58,18:53,20:01
سورينام,202,sr,Lelydorp,46363,5.7000000,-55.2333298,9.0,America/Paramaribo,2026-06-21,05:13,06:28,12:43,16:10,18:58,20:13
سورينام,202,sr,Lelydorp,46363,5.7000000,-55.2333298,9.0,America/Paramaribo,2026-09-22,05:21,06:29,12:34,15:43,18:38,19:46
سورينام,202,sr,Lelydorp,46363,5.7000000,-55.2333298,9.0,America/Paramaribo,2026-12-21,05:30,06:44,12:39,16:02,18:35,19:48
سويسرا,206,ch,Aarau,46490,47.3925400,8.0442200,387.0,Europe/Zurich,2026-03-20,04:48,06:26,12:35,15:57,18:45,20:18
سويسرا,206,ch,Aarau,46490,47.3925400,8.0442200,387.0,Europe/Zurich,2026-06-21,02:27,05:25,13:30,17:44,21:34,00:11
سويسرا,206,ch,Aarau,46490,47.3925400,8.0442200,387.0,Europe/Zurich,2026-09-22,05:30,07:10,13:21,16:42,19:31,21:03
سويسرا,206,ch,Aarau,46490,47.3925400,8.0442200,387.0,Europe/Zurich,2026-12-21,06:20,08:06,12:26,14:23,16:45,18:26
سيراليون,191,sl,فريتاون,10677,8.4663890,-13.2569008,180.0,Africa/Freetown,2026-03-20,05:48,06:55,13:01,16:14,19:06,20:13
سيراليون,191,sl,فريتاون,10677,8.4663890,-13.2569008,180.0,Africa/Freetown,2026-06-21,05:19,06:34,12:55,16:22,19:16,20:31
سيراليون,191,sl,فريتاون,10677,8.4663890,-13.2569008,180.0,Africa/Freetown,2026-09-22,05:33,06:40,12:46,15:59,18:52,19:59
سيراليون,191,sl,فريتاون,10677,8.4663890,-13.2569008,180.0,Africa/Freetown,2026-12-21,05:47,06:59,12:51,16:11,18:43,19:55
سيشل,190,sc,Victoria,42432,-4.6200100,55.4550095,62.5,Indian/Mahe,2026-03-20,05:13,06:21,12:26,15:34,18:31,19:38
سيشل,190,sc,Victoria,42432,-4.6200100,55.4550095,62.5,Indian/Mahe,2026-06-21,05:09,06:22,12:20,15:43,18:18,19:31
سيشل,190,sc,Victoria,42432,-4.6200100,55.4550095,62.5,Indian/Mahe,2026-09-22,04:59,06:06,12:11,15:20,18:16,19:23
سيشل,190,sc,Victoria,42432,-4.6200100,55.4550095,62.5,Indian/Mahe,2026-12-21,04:48,06:02,12:16,15:43,18:30,19:44
شيلي,43,cl,Ancud,24362,-41.8707000,-73.8162231,0.0,America/Punta_Arenas,2026-03-20,06:24,07:56,14:03,17:27,20:09,21:34
شيلي,43,cl,Ancud,24362,-41.8707000,-73.8162231,0.0,America/Punta_Arenas,2026-06-21,07:42,09:21,13:57,16:14,18:33,20:06
شيلي,43,cl,Ancud,24362,-41.8707000,-73.8162231,0.0,America/Punta_Arenas,2026-09-22,06:11,07:42,13:48,17:13,19:54,21:20
شيلي,43,cl,Ancud,24362,-41.8707000,-73.8162231,0.0,America/Punta_Arenas,2026-12-21,04:04,06:14,13:53,17:56,21:33,23:33
صربيا,240,rs,Apatin,49936,45.6726000,18.9780006,81.0,Europe/Belgrade,2026-03-20,04:08,05:45,11:52,15:14,17:59,19:31
صربيا,240,rs,Apatin,49936,45.6726000,18.9780006,81.0,Europe/Belgrade,2026-06-21,02:15,04:51,12:46,16:57,20:41,23:03
صربيا,240,rs,Apatin,49936,45.6726000,18.9780006,81.0,Europe/Belgrade,2026-09-22,04:50,06:28,12:37,16:00,18:45,20:16
صربيا,240,rs,Apatin,49936,45.6726000,18.9780006,81.0,Europe/Belgrade,2026-12-21,05:33,07:18,11:42,13:46,16:06,17:45
صربيا والجبل الأسود,189,cs,بلغراد,10676,44.7949280,20.3854866,72.0,Europe/Belgrade,2026-03-20,04:04,05:39,11:46,15:09,17:53,19:23
صربيا والجبل الأسود,189,cs,بلغراد,10676,44.7949280,20.3854866,72.0,Europe/Belgrade,2026-06-21,02:21,04:49,12:40,16:49,20:31,22:47
صربيا والجبل الأسود,189,cs,بلغراد,10676,44.7949280,20.3854866,72.0,Europe/Belgrade,2026-09-22,04:47,06:23,12:31,15:55,18:39,20:09
صربيا والجبل الأسود,189,cs,بلغراد,10676,44.7949280,20.3854866,72.0,Europe/Belgrade,2026-12-21,05:26,07:10,11:37,13:43,16:03,17:41
طاجكستان,209,tj,Bokhtar,46579,37.8366700,68.7774963,426.0,Asia/Dushanbe,2026-03-20,05:01,06:25,12:32,15:59,18:41,20:05
طاجكستان,209,tj,Bokhtar,46579,37.8366700,68.7774963,426.0,Asia/Dushanbe,2026-06-21,03:08,04:58,12:27,16:21,19:55,21:46
طاجكستان,209,tj,Bokhtar,46579,37.8366700,68.7774963,426.0,Asia/Dushanbe,2026-09-22,04:44,06:08,12:18,15:44,18:27,19:50
طاجكستان,209,tj,Bokhtar,46579,37.8366700,68.7774963,426.0,Asia/Dushanbe,2026-12-21,06:02,07:32,12:23,14:52,17:14,18:44
عمان,161,om,آدم,7450,22.3833333,57.5333328,274.0,Asia/Muscat,2026-03-20,05:00,06:14,12:22,15:48,18:26,19:35
عمان,161,om,آدم,7450,22.3833333,57.5333328,274.0,Asia/Muscat,2026-06-21,04:00,05:27,12:17,15:37,19:02,20:23
عمان,161,om,آدم,7450,22.3833333,57.5333328,274.0,Asia/Muscat,2026-09-22,04:44,05:59,12:08,15:33,18:11,19:21
عمان,161,om,آدم,7450,22.3833333,57.5333328,274.0,Asia/Muscat,2026-12-21,05:25,06:45,12:13,15:16,17:36,18:51
غامبيا,78,gm,Bakau,28539,13.4780600,-16.6819401,0.0,Africa/Banjul,2026-03-20,06:00,07:10,13:14,16:33,19:19,20:28
غامبيا,78,gm,Bakau,28539,13.4780600,-16.6819401,0.0,Africa/Banjul,2026-06-21,05:21,06:39,13:09,16:35,19:38,20:56
غامبيا,78,gm,Bakau,28539,13.4780600,-16.6819401,0.0,Africa/Banjul,2026-09-22,05:45,06:54,12:59,16:18,19:04,20:14
غامبيا,78,gm,Bakau,28539,13.4780600,-16.6819401,0.0,Africa/Banjul,2026-12-21,06:09,07:23,13:05,16:20,18:46,20:01
غانا,81,gh,Aburi,29617,5.8480200,-0.1744900,279.0,Africa/Accra,2026-03-20,04:56,06:02,12:08,15:18,18:14,19:21
غانا,81,gh,Aburi,29617,5.8480200,-0.1744900,279.0,Africa/Accra,2026-06-21,04:32,05:46,12:03,15:30,18:20,19:33
غانا,81,gh,Aburi,29617,5.8480200,-0.1744900,279.0,Africa/Accra,2026-09-22,04:41,05:47,11:53,15:03,18:00,19:06
غانا,81,gh,Aburi,29617,5.8480200,-0.1744900,279.0,Africa/Accra,2026-12-21,04:50,06:02,11:59,15:21,17:56,19:07
غويانا,74,gf,ساين,10637,4.9161840,-52.3175926,10.0,America/Cayenne,2026-03-20,05:25,06:32,12:37,15:45,18:42,19:49
غويانا,74,gf,ساين,10637,4.9161840,-52.3175926,10.0,America/Cayenne,2026-06-21,05:03,06:17,12:31,15:58,18:45,19:59
غويانا,74,gf,ساين,10637,4.9161840,-52.3175926,10.0,America/Cayenne,2026-09-22,05:10,06:17,12:22,15:30,18:27,19:34
غويانا,74,gf,ساين,10637,4.9161840,-52.3175926,10.0,America/Cayenne,2026-12-21,05:17,06:31,12:27,15:50,18:24,19:38
غيانا,91,gy,Georgetown,29840,6.8044800,-58.1552696,3.0,America/Guyana,2026-03-20,04:48,05:55,12:00,15:12,18:05,19:13
غيانا,91,gy,Georgetown,29840,6.8044800,-58.1552696,3.0,America/Guyana,2026-06-21,04:22,05:37,11:55,15:22,18:12,19:27
غيانا,91,gy,Georgetown,29840,6.8044800,-58.1552696,3.0,America/Guyana,2026-09-22,04:33,05:40,11:45,14:57,17:50,18:58
غيانا,91,gy,Georgetown,29840,6.8044800,-58.1552696,3.0,America/Guyana,2026-12-21,04:44,05:57,11:51,15:12,17:44,18:58
غينيا,89,gn,كوناكري,10644,9.6230270,-13.6116142,67.0,Africa/Conakry,2026-03-20,05:49,06:57,13:02,16:17,19:07,20:15
غينيا,89,gn,كوناكري,10644,9.6230270,-13.6116142,67.0,Africa/Conakry,2026-06-21,05:18,06:34,12:56,16:24,19:19,20:34
غينيا,89,gn,كوناكري,10644,9.6230270,-13.6116142,67.0,Africa/Conakry,2026-09-22,05:34,06:42,12:47,16:02,18:52,20:00
غينيا,89,gn,كوناكري,10644,9.6230270,-13.6116142,67.0,Africa/Conakry,2026-12-21,05:50,07:04,12:53,16:12,18:42,19:55
غينيا الاستوائية,65,gq,Bata,26080,1.8639100,9.7658195,18.0,Africa/Malabo,2026-03-20,05:17,06:24,12:28,15:32,18:33,19:40
غينيا الاستوائية,65,gq,Bata,26080,1.8639100,9.7658195,18.0,Africa/Malabo,2026-06-21,05:01,06:14,12:23,15:49,18:31,19:45
غينيا الاستوائية,65,gq,Bata,26080,1.8639100,9.7658195,18.0,Africa/Malabo,2026-09-22,05:02,06:09,12:14,15:17,18:18,19:26
غينيا الاستوائية,65,gq,Bata,26080,1.8639100,9.7658195,18.0,Africa/Malabo,2026-12-21,05:04,06:17,12:19,15:44,18:21,19:35
غينيا بيساو,90,gw,Bafatá,29839,12.1658300,-14.6616697,11.0,Africa/Bissau,2026-03-20,05:53,07:01,13:06,16:24,19:11,20:20
غينيا بيساو,90,gw,Bafatá,29839,12.1658300,-14.6616697,11.0,Africa/Bissau,2026-06-21,05:17,06:34,13:01,16:27,19:27,20:44
غينيا بيساو,90,gw,Bafatá,29839,12.1658300,-14.6616697,11.0,Africa/Bissau,2026-09-22,05:38,06:46,12:51,16:09,18:56,20:05
غينيا بيساو,90,gw,Bafatá,29839,12.1658300,-14.6616697,11.0,Africa/Bissau,2026-12-21,05:58,07:13,12:57,16:13,18:41,19:55
فانواتو,230,vu,بورت فيلا,10690,-17.7219790,168.3293762,98.0,Pacific/Bougainville,2026-03-20,04:38,05:48,11:54,15:17,18:00,19:10
فانواتو,230,vu,بورت فيلا,10690,-17.7219790,168.3293762,98.0,Pacific/Bougainville,2026-06-21,04:59,06:14,11:48,14:58,17:23,18:38
فانواتو,230,vu,بورت فيلا,10690,-17.7219790,168.3293762,98.0,Pacific/Bougainville,2026-09-22,04:25,05:35,11:40,15:02,17:45,18:55
فانواتو,230,vu,بورت فيلا,10690,-17.7219790,168.3293762,98.0,Pacific/Bougainville,2026-12-21,03:46,05:06,11:45,15:08,18:23,19:43
فرنسا,73,fr,Abbeville,26903,50.1052100,1.8354700,34.0,Europe/Paris,2026-03-20,05:06,06:53,13:00,16:20,19:08,20:49
فرنسا,73,fr,Abbeville,26903,50.1052100,1.8354700,34.0,Europe/Paris,2026-06-21,إضاءة,05:40,13:55,18:15,22:10,إضاءة
فرنسا,73,fr,Abbeville,26903,50.1052100,1.8354700,34.0,Europe/Paris,2026-09-22,05:49,07:36,13:45,17:05,19:54,21:34
فرنسا,73,fr,Abbeville,26903,50.1052100,1.8354700,34.0,Europe/Paris,2026-12-21,06:49,08:46,12:51,14:37,16:56,18:46
فلسطين,164,ps,Rekhasim,5274,32.7500000,35.0999985,105.0,Asia/Jerusalem,2026-03-20,04:22,05:41,11:47,15:15,17:54,19:13
فلسطين,164,ps,Rekhasim,5274,32.7500000,35.0999985,105.0,Asia/Jerusalem,2026-06-21,03:50,05:29,12:41,16:24,19:54,21:33
فلسطين,164,ps,Rekhasim,5274,32.7500000,35.0999985,105.0,Asia/Jerusalem,2026-09-22,05:05,06:25,12:32,16:00,18:39,19:59
فلسطين,164,ps,Rekhasim,5274,32.7500000,35.0999985,105.0,Asia/Jerusalem,2026-12-21,05:10,06:35,11:38,14:20,16:40,18:06
فنزويلا,231,ve,Acarigua,49692,9.5545100,-69.1956406,180.0,America/Caracas,2026-03-20,05:31,06:39,12:44,15:59,18:50,19:57
فنزويلا,231,ve,Acarigua,49692,9.5545100,-69.1956406,180.0,America/Caracas,2026-06-21,05:01,06:16,12:39,16:06,19:02,20:17
فنزويلا,231,ve,Acarigua,49692,9.5545100,-69.1956406,180.0,America/Caracas,2026-09-22,05:16,06:24,12:29,15:44,18:35,19:42
فنزويلا,231,ve,Acarigua,49692,9.5545100,-69.1956406,180.0,America/Caracas,2026-12-21,05:33,06:45,12:35,15:54,18:25,19:37
فنلندا,72,fi,Anjala,26296,60.6833300,26.8333302,32.0,Europe/Helsinki,2026-03-20,03:46,06:11,12:20,15:26,18:30,20:47
فنلندا,72,fi,Anjala,26296,60.6833300,26.8333302,32.0,Europe/Helsinki,2026-06-21,إضاءة,03:34,13:15,17:58,22:55,إضاءة
فنلندا,72,fi,Anjala,26296,60.6833300,26.8333302,32.0,Europe/Helsinki,2026-09-22,04:26,06:53,13:05,16:11,19:16,21:33
فنلندا,72,fi,Anjala,26296,60.6833300,26.8333302,32.0,Europe/Helsinki,2026-12-21,06:30,09:16,12:11,12:59,15:05,17:43
فيتنام,232,vn,??à Lạt,49786,11.9464600,108.4419327,1482.0,Asia/Ho_Chi_Minh,2026-03-20,04:40,05:45,11:54,15:12,18:03,19:07
فيتنام,232,vn,??à Lạt,49786,11.9464600,108.4419327,1482.0,Asia/Ho_Chi_Minh,2026-06-21,04:05,05:16,11:48,15:15,18:20,19:31
فيتنام,232,vn,??à Lạt,49786,11.9464600,108.4419327,1482.0,Asia/Ho_Chi_Minh,2026-09-22,04:25,05:29,11:39,14:56,17:49,18:53
فيتنام,232,vn,??à Lạt,49786,11.9464600,108.4419327,1482.0,Asia/Ho_Chi_Minh,2026-12-21,04:46,05:55,11:44,15:01,17:34,18:43
فيجي,71,fj,لامباسا,3571,-16.4166667,179.3833313,12.0,Pacific/Fiji,2026-03-20,04:55,06:05,12:10,15:32,18:15,19:25
فيجي,71,fj,لامباسا,3571,-16.4166667,179.3833313,12.0,Pacific/Fiji,2026-06-21,05:13,06:28,12:04,15:16,17:40,18:56
فيجي,71,fj,لامباسا,3571,-16.4166667,179.3833313,12.0,Pacific/Fiji,2026-09-22,04:41,05:51,11:55,15:17,18:00,19:10
فيجي,71,fj,لامباسا,3571,-16.4166667,179.3833313,12.0,Pacific/Fiji,2026-12-21,04:06,05:25,12:00,15:25,18:35,19:55
قبرص,56,cy,Famagusta,25844,35.1248900,33.9413490,17.0,Asia/Famagusta,2026-03-20,04:24,05:46,11:52,15:19,17:58,19:21
قبرص,56,cy,Famagusta,25844,35.1248900,33.9413490,17.0,Asia/Famagusta,2026-06-21,03:43,05:28,12:46,16:34,20:04,21:49
قبرص,56,cy,Famagusta,25844,35.1248900,33.9413490,17.0,Asia/Famagusta,2026-09-22,05:07,06:30,12:37,16:04,18:43,20:06
قبرص,56,cy,Famagusta,25844,35.1248900,33.9413490,17.0,Asia/Famagusta,2026-12-21,05:18,06:46,11:42,14:18,16:38,18:07
قرغيزستان,115,kg,بيشكيك,10649,42.8674800,74.5582047,752.0,Asia/Bishkek,2026-03-20,05:31,07:00,13:09,17:25,19:20,20:43
قرغيزستان,115,kg,بيشكيك,10649,42.8674800,74.5582047,752.0,Asia/Bishkek,2026-06-21,03:05,05:16,13:04,18:23,20:51,22:51
قرغيزستان,115,kg,بيشكيك,10649,42.8674800,74.5582047,752.0,Asia/Bishkek,2026-09-22,05:13,06:43,12:55,17:11,19:06,20:29
قرغيزستان,115,kg,بيشكيك,10649,42.8674800,74.5582047,752.0,Asia/Bishkek,2026-12-21,06:47,08:22,13:00,15:49,17:37,19:07
قطر,174,qa,أم صلال محمد,8204,25.4169444,51.4038887,21.0,Asia/Qatar,2026-03-20,04:21,05:39,11:43,15:09,17:48,19:18
قطر,174,qa,أم صلال محمد,8204,25.4169444,51.4038887,21.0,Asia/Qatar,2026-06-21,03:14,04:45,11:37,15:00,18:30,20:00
قطر,174,qa,أم صلال محمد,8204,25.4169444,51.4038887,21.0,Asia/Qatar,2026-09-22,04:06,05:23,11:28,14:55,17:33,19:03
قطر,174,qa,أم صلال محمد,8204,25.4169444,51.4038887,21.0,Asia/Qatar,2026-12-21,04:53,06:16,11:33,14:31,16:51,18:21
كازاخستان,109,kz,Abay,35446,49.6357500,72.8616409,491.0,Asia/Almaty,2026-03-20,04:24,06:07,12:16,16:26,18:27,20:03
كازاخستان,109,kz,Abay,35446,49.6357500,72.8616409,491.0,Asia/Almaty,2026-06-21,إضاءة,03:54,12:10,17:44,20:27,إضاءة
كازاخستان,109,kz,Abay,35446,49.6357500,72.8616409,491.0,Asia/Almaty,2026-09-22,04:05,05:49,12:01,16:12,18:13,19:49
كازاخستان,109,kz,Abay,35446,49.6357500,72.8616409,491.0,Asia/Almaty,2026-12-21,06:04,07:56,12:07,14:26,16:17,18:03
كاليدونيا الجديدة,152,nc,نوميا,10661,-22.2603710,166.4531097,93.0,Pacific/Noumea,2026-03-20,04:43,05:56,12:02,15:27,18:08,19:20
كاليدونيا الجديدة,152,nc,نوميا,10661,-22.2603710,166.4531097,93.0,Pacific/Noumea,2026-06-21,05:13,06:30,11:56,14:59,17:21,18:39
كاليدونيا الجديدة,152,nc,نوميا,10661,-22.2603710,166.4531097,93.0,Pacific/Noumea,2026-09-22,04:30,05:42,11:47,15:12,17:52,19:05
كاليدونيا الجديدة,152,nc,نوميا,10661,-22.2603710,166.4531097,93.0,Pacific/Noumea,2026-12-21,03:41,05:05,11:52,15:11,18:39,20:03
كرواتيا,54,hr,??akovo,25707,45.3083300,18.4105606,106.0,Europe/Zagreb,2026-03-20,04:11,05:47,11:54,15:17,18:02,19:32
كرواتيا,54,hr,??akovo,25707,45.3083300,18.4105606,106.0,Europe/Zagreb,2026-06-21,02:22,04:55,12:48,16:58,20:42,23:00
كرواتيا,54,hr,??akovo,25707,45.3083300,18.4105606,106.0,Europe/Zagreb,2026-09-22,04:53,06:30,12:39,16:02,18:47,20:18
كرواتيا,54,hr,??akovo,25707,45.3083300,18.4105606,106.0,Europe/Zagreb,2026-12-21,05:35,07:19,11:44,13:49,16:10,17:48
كمبوديا,36,kh,Banlung,22875,13.7393900,106.9872665,301.0,Asia/Phnom_Penh,2026-03-20,04:46,05:54,12:00,15:19,18:06,19:14
كمبوديا,36,kh,Banlung,22875,13.7393900,106.9872665,301.0,Asia/Phnom_Penh,2026-06-21,04:06,05:22,11:54,15:20,18:25,19:42
كمبوديا,36,kh,Banlung,22875,13.7393900,106.9872665,301.0,Asia/Phnom_Penh,2026-09-22,04:30,05:38,11:45,15:04,17:51,18:59
كمبوديا,36,kh,Banlung,22875,13.7393900,106.9872665,301.0,Asia/Phnom_Penh,2026-12-21,04:54,06:07,11:50,15:05,17:33,18:46
كندا,38,ca,Abbotsford,23137,49.0579800,-122.2525711,39.5,America/Vancouver,2026-03-20,05:24,07:09,13:16,16:37,19:25,21:03
كندا,38,ca,Abbotsford,23137,49.0579800,-122.2525711,39.5,America/Vancouver,2026-06-21,إضاءة,05:01,13:11,17:29,21:21,00:32
كندا,38,ca,Abbotsford,23137,49.0579800,-122.2525711,39.5,America/Vancouver,2026-09-22,05:08,06:53,13:02,16:22,19:09,20:47
كندا,38,ca,Abbotsford,23137,49.0579800,-122.2525711,39.5,America/Vancouver,2026-12-21,06:04,07:58,12:07,13:58,16:17,18:04
كوبا,55,cu,Abreus,25751,22.2779700,-80.5693130,13.0,America/Havana,2026-03-20,06:12,07:25,13:30,16:55,19:35,20:48
كوبا,55,cu,Abreus,25751,22.2779700,-80.5693130,13.0,America/Havana,2026-06-21,05:13,06:37,13:24,16:43,20:11,21:35
كوبا,55,cu,Abreus,25751,22.2779700,-80.5693130,13.0,America/Havana,2026-09-22,05:57,07:09,13:15,16:40,19:20,20:33
كوبا,55,cu,Abreus,25751,22.2779700,-80.5693130,13.0,America/Havana,2026-12-21,05:37,06:55,12:20,15:23,17:45,19:04
كوريا الجنوبية,113,kr,Andong,35693,36.5663600,128.7227478,119.0,Asia/Seoul,2026-03-20,05:03,06:27,12:33,15:59,18:39,20:03
كوريا الجنوبية,113,kr,Andong,35693,36.5663600,128.7227478,119.0,Asia/Seoul,2026-06-21,03:16,05:04,12:27,16:18,19:50,21:38
كوريا الجنوبية,113,kr,Andong,35693,36.5663600,128.7227478,119.0,Asia/Seoul,2026-09-22,04:46,06:10,12:18,15:45,18:25,19:49
كوريا الجنوبية,113,kr,Andong,35693,36.5663600,128.7227478,119.0,Asia/Seoul,2026-12-21,06:00,07:30,12:23,14:55,17:16,18:46
كوريا الشمالية,112,kp,Anak,35570,38.5108300,125.4941711,66.5,Asia/Pyongyang,2026-03-20,05:14,06:40,12:46,16:12,18:52,20:13
كوريا الشمالية,112,kp,Anak,35570,38.5108300,125.4941711,66.5,Asia/Pyongyang,2026-06-21,03:16,05:11,12:40,16:35,20:08,21:55
كوريا الشمالية,112,kp,Anak,35570,38.5108300,125.4941711,66.5,Asia/Pyongyang,2026-09-22,04:56,06:23,12:31,15:58,18:38,19:59
كوريا الشمالية,112,kp,Anak,35570,38.5108300,125.4941711,66.5,Asia/Pyongyang,2026-12-21,06:16,07:49,12:36,15:03,17:23,18:50
كوستاريكا,52,cr,أتيناس,2604,9.9833333,-84.3833313,677.0,America/Costa_Rica,2026-03-20,04:32,05:38,11:45,15:00,17:53,18:58
كوستاريكا,52,cr,أتيناس,2604,9.9833333,-84.3833313,677.0,America/Costa_Rica,2026-06-21,04:00,05:14,11:39,15:07,18:05,19:18
كوستاريكا,52,cr,أتيناس,2604,9.9833333,-84.3833313,677.0,America/Costa_Rica,2026-09-22,04:17,05:23,11:30,14:46,17:38,18:43
كوستاريكا,52,cr,أتيناس,2604,9.9833333,-84.3833313,677.0,America/Costa_Rica,2026-12-21,04:34,05:45,11:36,14:55,17:27,18:38
كولومبيا,47,co,Acacías,25606,3.9869500,-73.7579727,536.0,America/Bogota,2026-03-20,04:50,05:56,12:02,15:10,18:09,19:15
كولومبيا,47,co,Acacías,25606,3.9869500,-73.7579727,536.0,America/Bogota,2026-06-21,04:31,05:42,11:57,15:24,18:12,19:23
كولومبيا,47,co,Acacías,25606,3.9869500,-73.7579727,536.0,America/Bogota,2026-09-22,04:36,05:41,11:48,14:55,17:55,19:00
كولومبيا,47,co,Acacías,25606,3.9869500,-73.7579727,536.0,America/Bogota,2026-12-21,04:41,05:52,11:53,15:17,17:54,19:05
كيريباتي,111,ki,Tarawa,35518,1.3278000,172.9769592,0.0,Pacific/Enderbury,2026-03-20,06:24,07:31,13:36,16:39,19:40,20:48
كيريباتي,111,ki,Tarawa,35518,1.3278000,172.9769592,0.0,Pacific/Enderbury,2026-06-21,06:09,07:22,13:30,16:56,19:37,20:51
كيريباتي,111,ki,Tarawa,35518,1.3278000,172.9769592,0.0,Pacific/Enderbury,2026-09-22,06:09,07:16,13:21,16:23,19:26,20:33
كيريباتي,111,ki,Tarawa,35518,1.3278000,172.9769592,0.0,Pacific/Enderbury,2026-12-21,06:10,07:23,13:26,16:51,19:29,20:42
كينيا,110,ke,Athi River,35513,-1.4563000,36.9782600,1509.0,Africa/Nairobi,2026-03-20,05:28,06:30,12:40,15:42,18:49,19:52
كينيا,110,ke,Athi River,35513,-1.4563000,36.9782600,1509.0,Africa/Nairobi,2026-06-21,05:18,06:26,12:34,15:59,18:42,19:50
كينيا,110,ke,Athi River,35513,-1.4563000,36.9782600,1509.0,Africa/Nairobi,2026-09-22,05:13,06:16,12:25,15:28,18:34,19:37
كينيا,110,ke,Athi River,35513,-1.4563000,36.9782600,1509.0,Africa/Nairobi,2026-12-21,05:09,06:17,12:30,15:57,18:43,19:52
لاتفيا,117,lv,Cēsis,35817,57.3118800,25.2745609,95.0,Europe/Riga,2026-03-20,04:08,06:18,12:26,15:37,18:36,20:38
لاتفيا,117,lv,Cēsis,35817,57.3118800,25.2745609,95.0,Europe/Riga,2026-06-21,إضاءة,04:16,13:21,17:56,22:26,إضاءة
لاتفيا,117,lv,Cēsis,35817,57.3118800,25.2745609,95.0,Europe/Riga,2026-09-22,04:49,07:00,13:12,16:23,19:22,21:23
لاتفيا,117,lv,Cēsis,35817,57.3118800,25.2745609,95.0,Europe/Riga,2026-12-21,06:29,08:53,12:17,13:27,15:41,17:57
لاوس,116,la,فينتيان,10650,17.9890020,102.6153793,172.0,Asia/Vientiane,2026-03-20,05:02,06:12,12:17,15:40,18:23,19:33
لاوس,116,la,فينتيان,10650,17.9890020,102.6153793,172.0,Asia/Vientiane,2026-06-21,04:13,05:32,12:11,15:35,18:50,20:10
لاوس,116,la,فينتيان,10650,17.9890020,102.6153793,172.0,Asia/Vientiane,2026-09-22,04:46,05:56,12:02,15:25,18:09,19:18
لاوس,116,la,فينتيان,10650,17.9890020,102.6153793,172.0,Asia/Vientiane,2026-12-21,05:18,06:33,12:07,15:17,17:42,18:57
لبنان,118,lb,الصور,35821,33.2733300,35.1938896,0.0,Asia/Beirut,2026-03-20,04:21,05:42,11:47,15:14,17:52,19:14
لبنان,118,lb,الصور,35821,33.2733300,35.1938896,0.0,Asia/Beirut,2026-06-21,03:47,05:28,12:41,16:25,19:54,21:35
لبنان,118,lb,الصور,35821,33.2733300,35.1938896,0.0,Asia/Beirut,2026-09-22,05:04,06:26,12:32,15:59,18:38,19:59
لبنان,118,lb,الصور,35821,33.2733300,35.1938896,0.0,Asia/Beirut,2026-12-21,05:10,06:37,11:37,14:18,16:38,18:05
لوكسمبورج,124,lu,Dudelange,35869,49.4805600,6.0875001,291.0,Europe/Luxembourg,2026-03-20,04:51,06:34,12:43,16:03,18:53,20:30
لوكسمبورج,124,lu,Dudelange,35869,49.4805600,6.0875001,291.0,Europe/Luxembourg,2026-06-21,إضاءة,05:23,13:38,17:56,21:52,01:22
لوكسمبورج,124,lu,Dudelange,35869,49.4805600,6.0875001,291.0,Europe/Luxembourg,2026-09-22,05:33,07:18,13:28,16:48,19:38,21:16
لوكسمبورج,124,lu,Dudelange,35869,49.4805600,6.0875001,291.0,Europe/Luxembourg,2026-12-21,06:31,08:24,12:34,14:22,16:44,18:30
ليبيا,121,ly,أوباري,6009,26.5833333,12.7666664,471.0,Africa/Tripoli,2026-03-20,05:56,07:09,13:16,16:43,19:24,20:37
ليبيا,121,ly,أوباري,6009,26.5833333,12.7666664,471.0,Africa/Tripoli,2026-06-21,04:45,06:12,13:11,16:37,20:10,21:36
ليبيا,121,ly,أوباري,6009,26.5833333,12.7666664,471.0,Africa/Tripoli,2026-09-22,05:40,06:54,13:02,16:28,19:09,20:23
ليبيا,121,ly,أوباري,6009,26.5833333,12.7666664,471.0,Africa/Tripoli,2026-12-21,06:30,07:49,13:07,16:02,18:26,19:44
ليبيريا,120,lr,بوكانان,5982,5.8808333,-10.0466671,78.0,Africa/Monrovia,2026-03-20,05:35,06:43,12:48,15:58,18:53,20:00
ليبيريا,120,lr,بوكانان,5982,5.8808333,-10.0466671,78.0,Africa/Monrovia,2026-06-21,05:12,06:26,12:42,16:09,18:58,20:12
ليبيريا,120,lr,بوكانان,5982,5.8808333,-10.0466671,78.0,Africa/Monrovia,2026-09-22,05:21,06:28,12:33,15:43,18:38,19:45
ليبيريا,120,lr,بوكانان,5982,5.8808333,-10.0466671,78.0,Africa/Monrovia,2026-12-21,05:30,06:43,12:38,16:01,18:34,19:47
ليتوانيا,123,lt,Aleksotas,35863,54.8803700,23.9084206,34.0,Europe/Vilnius,2026-03-20,04:23,06:24,12:32,15:46,18:41,20:34
ليتوانيا,123,lt,Aleksotas,35863,54.8803700,23.9084206,34.0,Europe/Vilnius,2026-06-21,إضاءة,04:42,13:26,17:56,22:11,إضاءة
ليتوانيا,123,lt,Aleksotas,35863,54.8803700,23.9084206,34.0,Europe/Vilnius,2026-09-22,05:05,07:07,13:17,16:32,19:26,21:20
ليتوانيا,123,lt,Aleksotas,35863,54.8803700,23.9084206,34.0,Europe/Vilnius,2026-12-21,06:29,08:43,12:22,13:45,16:02,18:08
ليختنشتاين,122,li,إشن,6031,47.2107065,9.5222282,463.0,Europe/Vaduz,2026-03-20,04:42,06:20,12:29,15:51,18:40,20:12
ليختنشتاين,122,li,إشن,6031,47.2107065,9.5222282,463.0,Europe/Vaduz,2026-06-21,02:25,05:19,13:24,17:38,21:28,00:02
ليختنشتاين,122,li,إشن,6031,47.2107065,9.5222282,463.0,Europe/Vaduz,2026-09-22,05:25,07:03,13:15,16:37,19:25,20:57
ليختنشتاين,122,li,إشن,6031,47.2107065,9.5222282,463.0,Europe/Vaduz,2026-12-21,06:14,07:59,12:20,14:18,16:41,18:20
ليسوتو,119,ls,ماسيرو,10651,-29.3447290,27.5019627,1578.0,Africa/Maseru,2026-03-20,04:54,06:06,12:18,15:45,18:28,19:40
ليسوتو,119,ls,ماسيرو,10651,-29.3447290,27.5019627,1578.0,Africa/Maseru,2026-06-21,05:39,06:56,12:12,15:01,17:28,18:45
ليسوتو,119,ls,ماسيرو,10651,-29.3447290,27.5019627,1578.0,Africa/Maseru,2026-09-22,04:41,05:53,12:03,15:30,18:13,19:25
ليسوتو,119,ls,ماسيرو,10651,-29.3447290,27.5019627,1578.0,Africa/Maseru,2026-12-21,03:32,04:59,12:08,15:42,19:17,20:44
مارتينيك,134,mq,Ducos,36096,14.5752900,-60.9745293,13.0,America/Martinique,2026-03-20,04:57,06:06,12:11,15:32,18:16,19:26
مارتينيك,134,mq,Ducos,36096,14.5752900,-60.9745293,13.0,America/Martinique,2026-06-21,04:16,05:34,12:06,15:31,18:37,19:56
مارتينيك,134,mq,Ducos,36096,14.5752900,-60.9745293,13.0,America/Martinique,2026-09-22,04:42,05:51,11:57,15:17,18:02,19:11
مارتينيك,134,mq,Ducos,36096,14.5752900,-60.9745293,13.0,America/Martinique,2026-12-21,05:08,06:22,12:02,15:16,17:42,18:57
ماكاو الصينية,125,mo,ماكاو,10652,22.1930260,113.5373688,22.0,Asia/Kuching,2026-03-20,05:16,06:29,12:33,15:59,18:39,19:51
ماكاو الصينية,125,mo,ماكاو,10652,22.1930260,113.5373688,22.0,Asia/Kuching,2026-06-21,04:17,05:41,12:28,15:47,19:14,20:39
ماكاو الصينية,125,mo,ماكاو,10652,22.1930260,113.5373688,22.0,Asia/Kuching,2026-09-22,05:00,06:13,12:19,15:44,18:24,19:37
ماكاو الصينية,125,mo,ماكاو,10652,22.1930260,113.5373688,22.0,Asia/Kuching,2026-12-21,05:41,06:59,12:24,15:27,17:49,19:07
مالطا,132,mt,أنسونجو,6591,15.6594444,0.5016667,231.0,Europe/Malta,2026-03-20,05:51,07:00,13:05,16:27,19:12,20:20
مالطا,132,mt,أنسونجو,6591,15.6594444,0.5016667,231.0,Europe/Malta,2026-06-21,06:07,07:25,14:00,17:25,20:35,21:52
مالطا,132,mt,أنسونجو,6591,15.6594444,0.5016667,231.0,Europe/Malta,2026-09-22,06:36,07:44,13:51,17:12,19:57,21:06
مالطا,132,mt,أنسونجو,6591,15.6594444,0.5016667,231.0,Europe/Malta,2026-12-21,06:03,07:17,12:56,16:09,18:35,19:49
مالي,131,ml,Bafoulabé,36084,13.8065000,-10.8320999,104.0,Africa/Bamako,2026-03-20,05:37,06:45,12:51,16:10,18:56,20:05
مالي,131,ml,Bafoulabé,36084,13.8065000,-10.8320999,104.0,Africa/Bamako,2026-06-21,04:57,06:15,12:45,16:11,19:16,20:33
مالي,131,ml,Bafoulabé,36084,13.8065000,-10.8320999,104.0,Africa/Bamako,2026-09-22,05:22,06:30,12:36,15:55,18:42,19:50
مالي,131,ml,Bafoulabé,36084,13.8065000,-10.8320999,104.0,Africa/Bamako,2026-12-21,05:46,07:00,12:41,15:56,18:23,19:37
ماليزيا,129,my,Alor Gajah,36025,2.3804000,102.2089005,34.0,Asia/Kuala_Lumpur,2026-03-20,06:07,07:14,13:19,16:24,19:24,20:31
ماليزيا,129,my,Alor Gajah,36025,2.3804000,102.2089005,34.0,Asia/Kuala_Lumpur,2026-06-21,05:50,07:03,13:13,16:40,19:23,20:36
ماليزيا,129,my,Alor Gajah,36025,2.3804000,102.2089005,34.0,Asia/Kuala_Lumpur,2026-09-22,05:52,06:59,13:04,16:08,19:09,20:16
ماليزيا,129,my,Alor Gajah,36025,2.3804000,102.2089005,34.0,Asia/Kuala_Lumpur,2026-12-21,05:55,07:08,13:09,16:34,19:11,20:24
مايوت,137,yt,مامودزو,10655,-12.7806170,45.2294083,35.0,Indian/Mayotte,2026-03-20,04:53,06:01,12:07,15:25,18:12,19:20
مايوت,137,yt,مامودزو,10655,-12.7806170,45.2294083,35.0,Indian/Mayotte,2026-06-21,05:04,06:18,12:01,15:17,17:44,18:58
مايوت,137,yt,مامودزو,10655,-12.7806170,45.2294083,35.0,Indian/Mayotte,2026-09-22,04:38,05:47,11:52,15:11,17:57,19:06
مايوت,137,yt,مامودزو,10655,-12.7806170,45.2294083,35.0,Indian/Mayotte,2026-12-21,04:12,05:29,11:57,15:24,18:25,19:43
مدغشقر,127,mg,أنتاناناريفو,10653,-18.8924990,47.5578232,1271.0,Indian/Antananarivo,2026-03-20,04:41,05:48,11:57,15:21,18:07,19:13
مدغشقر,127,mg,أنتاناناريفو,10653,-18.8924990,47.5578232,1271.0,Indian/Antananarivo,2026-06-21,05:04,06:15,11:52,15:00,17:28,18:40
مدغشقر,127,mg,أنتاناناريفو,10653,-18.8924990,47.5578232,1271.0,Indian/Antananarivo,2026-09-22,04:27,05:34,11:43,15:06,17:52,18:59
مدغشقر,127,mg,أنتاناناريفو,10653,-18.8924990,47.5578232,1271.0,Indian/Antananarivo,2026-12-21,03:47,05:03,11:48,15:10,18:33,19:49
مصر,63,eg,‘Ezbet el-Insha,20238,30.2442144,31.4517365,64.0,Africa/Cairo,2026-03-20,04:31,05:56,12:02,15:29,18:08,19:23
مصر,63,eg,‘Ezbet el-Insha,20238,30.2442144,31.4517365,64.0,Africa/Cairo,2026-06-21,04:06,05:51,12:56,16:32,20:01,21:33
مصر,63,eg,‘Ezbet el-Insha,20238,30.2442144,31.4517365,64.0,Africa/Cairo,2026-09-22,05:15,06:40,12:47,16:14,18:53,20:09
مصر,63,eg,‘Ezbet el-Insha,20238,30.2442144,31.4517365,64.0,Africa/Cairo,2026-12-21,05:13,06:44,11:52,14:40,17:01,18:21
مقدونيا,126,mk,Bitola,35871,41.0314300,21.3347397,593.0,Europe/Skopje,2026-03-20,04:06,05:33,11:42,15:08,17:52,19:14
مقدونيا,126,mk,Bitola,35871,41.0314300,21.3347397,593.0,Europe/Skopje,2026-06-21,02:55,04:56,12:37,16:38,20:17,22:09
مقدونيا,126,mk,Bitola,35871,41.0314300,21.3347397,593.0,Europe/Skopje,2026-09-22,04:49,06:17,12:27,15:53,18:37,19:59
مقدونيا,126,mk,Bitola,35871,41.0314300,21.3347397,593.0,Europe/Skopje,2026-12-21,05:17,06:50,11:33,13:52,16:15,17:43
ملاوي,128,mw,Balaka,35923,-14.9792800,34.9557495,655.5,Africa/Blantyre,2026-03-20,04:33,05:40,11:48,15:08,17:55,19:02
ملاوي,128,mw,Balaka,35923,-14.9792800,34.9557495,655.5,Africa/Blantyre,2026-06-21,04:48,06:00,11:42,14:55,17:24,18:36
ملاوي,128,mw,Balaka,35923,-14.9792800,34.9557495,655.5,Africa/Blantyre,2026-09-22,04:19,05:26,11:33,14:54,17:40,18:47
ملاوي,128,mw,Balaka,35923,-14.9792800,34.9557495,655.5,Africa/Blantyre,2026-12-21,03:47,05:03,11:38,15:04,18:13,19:29
منغوليا,142,mn,أولان باتور,13167,47.9077000,106.8832016,1289.0,Asia/Ulaanbaatar,2026-03-20,05:12,06:48,13:00,16:21,19:13,20:43
منغوليا,142,mn,أولان باتور,13167,47.9077000,106.8832016,1289.0,Asia/Ulaanbaatar,2026-06-21,01:37,04:43,12:54,17:10,21:06,23:46
منغوليا,142,mn,أولان باتور,13167,47.9077000,106.8832016,1289.0,Asia/Ulaanbaatar,2026-09-22,04:53,06:30,12:45,16:07,19:00,20:30
منغوليا,142,mn,أولان باتور,13167,47.9077000,106.8832016,1289.0,Asia/Ulaanbaatar,2026-12-21,06:45,08:29,12:50,14:45,17:12,18:50
موريتانيا,135,mr,أطار,36105,20.5177000,-13.0485697,226.0,Africa/Nouakchott,2026-03-20,05:43,06:54,13:00,16:24,19:06,20:17
موريتانيا,135,mr,أطار,36105,20.5177000,-13.0485697,226.0,Africa/Nouakchott,2026-06-21,04:48,06:10,12:54,16:15,19:38,21:00
موريتانيا,135,mr,أطار,36105,20.5177000,-13.0485697,226.0,Africa/Nouakchott,2026-09-22,05:27,06:38,12:45,16:09,18:51,20:02
موريتانيا,135,mr,أطار,36105,20.5177000,-13.0485697,226.0,Africa/Nouakchott,2026-12-21,06:05,07:21,12:50,15:56,18:20,19:36
موريشيوس,136,mu,Bambous,36120,-20.2566700,57.4061089,105.0,Indian/Mauritius,2026-03-20,05:01,06:12,12:18,15:42,18:24,19:35
موريشيوس,136,mu,Bambous,36120,-20.2566700,57.4061089,105.0,Indian/Mauritius,2026-06-21,05:26,06:43,12:12,15:18,17:42,18:58
موريشيوس,136,mu,Bambous,36120,-20.2566700,57.4061089,105.0,Indian/Mauritius,2026-09-22,04:47,05:58,12:03,15:27,18:09,19:20
موريشيوس,136,mu,Bambous,36120,-20.2566700,57.4061089,105.0,Indian/Mauritius,2026-12-21,04:03,05:25,12:08,15:30,18:52,20:14
موزمبيق,145,mz,António Enes,36801,-16.2325000,39.9086113,3.0,Africa/Maputo,2026-03-20,04:13,05:23,11:28,14:49,17:33,18:43
موزمبيق,145,mz,António Enes,36801,-16.2325000,39.9086113,3.0,Africa/Maputo,2026-06-21,04:30,05:46,11:22,14:34,16:59,18:14
موزمبيق,145,mz,António Enes,36801,-16.2325000,39.9086113,3.0,Africa/Maputo,2026-09-22,03:59,05:09,11:13,14:35,17:18,18:28
موزمبيق,145,mz,António Enes,36801,-16.2325000,39.9086113,3.0,Africa/Maputo,2026-12-21,03:24,04:44,11:18,14:43,17:53,19:13
مولدافيا,140,md,Bălţi,36766,47.7631400,27.9293194,99.0,Europe/Chisinau,2026-03-20,04:27,06:09,12:16,15:37,18:24,19:59
مولدافيا,140,md,Bălţi,36766,47.7631400,27.9293194,99.0,Europe/Chisinau,2026-06-21,01:58,05:06,13:10,17:25,21:14,23:59
مولدافيا,140,md,Bălţi,36766,47.7631400,27.9293194,99.0,Europe/Chisinau,2026-09-22,05:10,06:52,13:01,16:23,19:10,20:45
مولدافيا,140,md,Bălţi,36766,47.7631400,27.9293194,99.0,Europe/Chisinau,2026-12-21,06:01,07:51,12:06,14:02,16:22,18:06
موناكو,141,mc,Monaco,36783,43.7333300,7.4166698,0.0,Europe/Monaco,2026-03-20,04:57,06:32,12:38,16:02,18:45,20:14
موناكو,141,mc,Monaco,36783,43.7333300,7.4166698,0.0,Europe/Monaco,2026-06-21,03:25,05:46,13:32,17:39,21:18,23:28
موناكو,141,mc,Monaco,36783,43.7333300,7.4166698,0.0,Europe/Monaco,2026-09-22,05:41,07:15,13:23,16:47,19:30,20:59
موناكو,141,mc,Monaco,36783,43.7333300,7.4166698,0.0,Europe/Monaco,2026-12-21,06:17,07:58,12:28,14:39,16:58,18:35
مونتسرات,143,ms,بليموث,10657,16.7062300,-62.2157936,38.0,America/Montserrat,2026-03-20,05:01,06:11,12:16,15:38,18:22,19:32
مونتسرات,143,ms,بليموث,10657,16.7062300,-62.2157936,38.0,America/Montserrat,2026-06-21,04:15,05:35,12:11,15:35,18:46,20:06
مونتسرات,143,ms,بليموث,10657,16.7062300,-62.2157936,38.0,America/Montserrat,2026-09-22,04:46,05:56,12:02,15:23,18:07,19:17
مونتسرات,143,ms,بليموث,10657,16.7062300,-62.2157936,38.0,America/Montserrat,2026-12-21,05:16,06:31,12:07,15:18,17:43,18:58
ميانمار,146,mm,Bago,36815,17.3352100,96.4813538,12.0,Asia/Yangon,2026-03-20,04:57,06:07,12:12,15:34,18:17,19:27
ميانمار,146,mm,Bago,36815,17.3352100,96.4813538,12.0,Asia/Yangon,2026-06-21,04:09,05:29,12:06,15:30,18:43,20:03
ميانمار,146,mm,Bago,36815,17.3352100,96.4813538,12.0,Asia/Yangon,2026-09-22,04:41,05:51,11:57,15:19,18:02,19:13
ميانمار,146,mm,Bago,36815,17.3352100,96.4813538,12.0,Asia/Yangon,2026-12-21,05:12,06:27,12:02,15:12,17:37,18:52
ميكرونيزيا,139,fm,التاميل,6800,9.5166667,138.1499939,11.0,Pacific/Chuuk,2026-03-20,05:42,06:50,12:55,16:10,19:00,20:08
ميكرونيزيا,139,fm,التاميل,6800,9.5166667,138.1499939,11.0,Pacific/Chuuk,2026-06-21,05:11,06:27,12:49,16:16,19:11,20:27
ميكرونيزيا,139,fm,التاميل,6800,9.5166667,138.1499939,11.0,Pacific/Chuuk,2026-09-22,05:27,06:35,12:40,15:55,18:45,19:53
ميكرونيزيا,139,fm,التاميل,6800,9.5166667,138.1499939,11.0,Pacific/Chuuk,2026-12-21,05:43,06:57,12:45,16:05,18:34,19:48
ناميبيا,147,na,ويندهوك,10658,-22.5373350,17.0438442,1626.0,Africa/Windhoek,2026-03-20,05:41,06:49,12:59,16:25,19:10,20:17
ناميبيا,147,na,ويندهوك,10658,-22.5373350,17.0438442,1626.0,Africa/Windhoek,2026-06-21,06:11,07:24,12:54,15:56,18:24,19:36
ناميبيا,147,na,ويندهوك,10658,-22.5373350,17.0438442,1626.0,Africa/Windhoek,2026-09-22,05:27,06:35,12:45,16:10,18:55,20:02
ناميبيا,147,na,ويندهوك,10658,-22.5373350,17.0438442,1626.0,Africa/Windhoek,2026-12-21,04:38,05:57,12:50,16:08,19:43,21:02
نورو,148,nr,يارن,10659,-0.5460090,166.9249725,37.0,Pacific/Nauru,2026-03-20,05:48,06:55,13:00,16:01,19:05,20:12
نورو,148,nr,يارن,10659,-0.5460090,166.9249725,37.0,Pacific/Nauru,2026-06-21,05:36,06:50,12:54,16:20,18:59,20:12
نورو,148,nr,يارن,10659,-0.5460090,166.9249725,37.0,Pacific/Nauru,2026-09-22,05:33,06:40,12:45,15:47,18:50,19:57
نورو,148,nr,يارن,10659,-0.5460090,166.9249725,37.0,Pacific/Nauru,2026-12-21,05:30,06:44,12:50,16:16,18:57,20:10
نيبال,149,np,B??glung,36898,28.2718900,83.5897522,1017.5,Asia/Kathmandu,2026-03-20,04:57,06:09,12:18,15:45,18:28,19:40
نيبال,149,np,B??glung,36898,28.2718900,83.5897522,1017.5,Asia/Kathmandu,2026-06-21,03:40,05:08,12:12,15:43,19:17,20:45
نيبال,149,np,B??glung,36898,28.2718900,83.5897522,1017.5,Asia/Kathmandu,2026-09-22,04:40,05:53,12:03,15:31,18:13,19:26
نيبال,149,np,B??glung,36898,28.2718900,83.5897522,1017.5,Asia/Kathmandu,2026-12-21,05:34,06:52,12:09,15:00,17:25,18:43
نيجيريا,155,ng,Aba,37442,5.1065800,7.3666701,61.0,Africa/Lagos,2026-03-20,05:26,06:33,12:38,15:47,18:43,19:50
نيجيريا,155,ng,Aba,37442,5.1065800,7.3666701,61.0,Africa/Lagos,2026-06-21,05:04,06:18,12:32,16:00,18:47,20:01
نيجيريا,155,ng,Aba,37442,5.1065800,7.3666701,61.0,Africa/Lagos,2026-09-22,05:11,06:18,12:23,15:32,18:28,19:36
نيجيريا,155,ng,Aba,37442,5.1065800,7.3666701,61.0,Africa/Lagos,2026-12-21,05:19,06:32,12:29,15:52,18:26,19:38
نيكاراجوا,154,ni,Bluefields,37413,12.0136600,-83.7635269,17.0,America/Managua,2026-03-20,04:29,05:38,11:42,15:00,17:48,18:56
نيكاراجوا,154,ni,Bluefields,37413,12.0136600,-83.7635269,17.0,America/Managua,2026-06-21,03:53,05:10,11:37,15:04,18:04,19:21
نيكاراجوا,154,ni,Bluefields,37413,12.0136600,-83.7635269,17.0,America/Managua,2026-09-22,04:14,05:23,11:28,14:45,17:33,18:41
نيكاراجوا,154,ni,Bluefields,37413,12.0136600,-83.7635269,17.0,America/Managua,2026-12-21,04:35,05:49,11:33,14:50,17:18,18:32
نيوزيلاندا,153,nz,Ashburton,37385,-43.8983400,171.7301025,107.0,Pacific/Auckland,2026-03-20,05:58,07:32,13:41,17:05,19:49,21:17
نيوزيلاندا,153,nz,Ashburton,37385,-43.8983400,171.7301025,107.0,Pacific/Auckland,2026-06-21,06:23,08:05,12:35,14:45,17:05,18:41
نيوزيلاندا,153,nz,Ashburton,37385,-43.8983400,171.7301025,107.0,Pacific/Auckland,2026-09-22,04:47,06:20,12:26,15:49,18:32,20:01
نيوزيلاندا,153,nz,Ashburton,37385,-43.8983400,171.7301025,107.0,Pacific/Auckland,2026-12-21,03:22,05:43,13:31,17:38,21:19,23:28
نيوي,157,nu,الوفي,10662,-19.0542370,-169.9167175,54.0,Pacific/Niue,2026-03-20,05:11,06:22,12:27,15:50,18:32,19:43
نيوي,157,nu,الوفي,10662,-19.0542370,-169.9167175,54.0,Pacific/Niue,2026-06-21,05:34,06:50,12:22,15:29,17:53,19:09
نيوي,157,nu,الوفي,10662,-19.0542370,-169.9167175,54.0,Pacific/Niue,2026-09-22,04:56,06:07,12:12,15:36,18:18,19:29
نيوي,157,nu,الوفي,10662,-19.0542370,-169.9167175,54.0,Pacific/Niue,2026-12-21,04:16,05:37,12:18,15:40,18:59,20:20
هايتي,92,ht,Carrefour,29846,18.5411400,-72.3992233,149.0,America/Port-au-Prince,2026-03-20,05:41,06:51,12:57,16:20,19:03,20:13
هايتي,92,ht,Carrefour,29846,18.5411400,-72.3992233,149.0,America/Port-au-Prince,2026-06-21,04:51,06:12,12:52,16:14,19:32,20:52
هايتي,92,ht,Carrefour,29846,18.5411400,-72.3992233,149.0,America/Port-au-Prince,2026-09-22,05:26,06:36,12:42,16:05,18:48,19:58
هايتي,92,ht,Carrefour,29846,18.5411400,-72.3992233,149.0,America/Port-au-Prince,2026-12-21,04:59,06:15,11:48,14:56,17:21,18:36
هندوراس,95,hn,Choloma,29872,15.6144400,-87.9530182,34.0,America/Tegucigalpa,2026-03-20,04:45,05:54,11:59,15:20,18:05,19:14
هندوراس,95,hn,Choloma,29872,15.6144400,-87.9530182,34.0,America/Tegucigalpa,2026-06-21,04:01,05:20,11:54,15:19,18:27,19:46
هندوراس,95,hn,Choloma,29872,15.6144400,-87.9530182,34.0,America/Tegucigalpa,2026-09-22,04:29,05:39,11:44,15:05,17:50,18:59
هندوراس,95,hn,Choloma,29872,15.6144400,-87.9530182,34.0,America/Tegucigalpa,2026-12-21,04:57,06:12,11:50,15:03,17:28,18:43
هولندا,150,nl,Aalsmeer,37287,52.2591700,4.7597198,-1.0,Europe/Amsterdam,2026-03-20,04:48,06:42,12:48,16:06,18:56,20:43
هولندا,150,nl,Aalsmeer,37287,52.2591700,4.7597198,-1.0,Europe/Amsterdam,2026-06-21,إضاءة,05:16,13:43,18:07,22:09,إضاءة
هولندا,150,nl,Aalsmeer,37287,52.2591700,4.7597198,-1.0,Europe/Amsterdam,2026-09-22,05:31,07:24,13:34,16:51,19:42,21:28
هولندا,150,nl,Aalsmeer,37287,52.2591700,4.7597198,-1.0,Europe/Amsterdam,2026-12-21,06:41,08:45,12:39,14:15,16:33,18:30
هونج كونج الصينية,96,hk,Hong Kong,29893,22.2783200,114.1746902,139.5,Asia/Hong_Kong,2026-03-20,05:13,06:25,12:31,15:56,18:37,19:49
هونج كونج الصينية,96,hk,Hong Kong,29893,22.2783200,114.1746902,139.5,Asia/Hong_Kong,2026-06-21,04:14,05:37,12:25,15:44,19:13,20:36
هونج كونج الصينية,96,hk,Hong Kong,29893,22.2783200,114.1746902,139.5,Asia/Hong_Kong,2026-09-22,04:57,06:10,12:16,15:41,18:22,19:34
هونج كونج الصينية,96,hk,Hong Kong,29893,22.2783200,114.1746902,139.5,Asia/Hong_Kong,2026-12-21,05:38,06:55,12:21,15:24,17:47,19:04
